city,station,year,annual_avg,source_url,month_1,month_2,month_3,month_4,month_5,month_6,month_7,month_8,month_9,month_10,month_11,month_12
Дата последнего обновления: Абакан,2.0,2009,3.0,https://www.rpatyphoon.ru/upload/medialibrary/benzapiren/bp_2009.pdf,4.6,4.1,3.8,3.4,2.3,2.1,0.7,1.4,1.5,2.0,2.2,6.9
15 марта 2010 Абакан,3.0,2009,3.5,https://www.rpatyphoon.ru/upload/medialibrary/benzapiren/bp_2009.pdf,4.2,5.2,4.7,4.5,2.8,2.3,1.0,1.2,1.0,1.6,3.0,10.5
Азов,2.0,2009,1.8,https://www.rpatyphoon.ru/upload/medialibrary/benzapiren/bp_2009.pdf,3.2,2.4,2.0,1.9,1.2,1.4,0.8,0.6,0.7,1.0,3.3,3.5
Ачинск,3.0,2009,3.1,https://www.rpatyphoon.ru/upload/medialibrary/benzapiren/bp_2009.pdf,5.6,4.1,3.4,2.0,2.3,2.0,3.7,1.7,1.5,1.6,2.6,5.2
Ачинск,4.0,2009,3.2,https://www.rpatyphoon.ru/upload/medialibrary/benzapiren/bp_2009.pdf,6.0,3.6,3.0,2.5,2.7,2.5,3.3,1.5,1.5,2.0,4.9,5.0
Байкальск,48.0,2009,1.7,https://www.rpatyphoon.ru/upload/medialibrary/benzapiren/bp_2009.pdf,3.0,3.2,2.4,1.9,1.2,1.0,0.6,0.7,0.4,1.0,2.0,2.6
Балаково,5.0,2009,1.8,https://www.rpatyphoon.ru/upload/medialibrary/benzapiren/bp_2009.pdf,4.8,3.5,2.6,2.3,1.0,0.8,0.4,0.3,0.7,1.3,1.5,2.8
Барнаул,1.0,2009,3.2,https://www.rpatyphoon.ru/upload/medialibrary/benzapiren/bp_2009.pdf,7.1,5.2,4.3,2.6,3.0,1.7,3.0,1.6,1.5,1.8,2.0,4.8
Барнаул,13.0,2009,2.5,https://www.rpatyphoon.ru/upload/medialibrary/benzapiren/bp_2009.pdf,5.3,3.9,4.0,2.2,1.8,1.2,2.0,0.7,1.3,1.6,1.8,4.5
Бердск,7.0,2009,1.8,https://www.rpatyphoon.ru/upload/medialibrary/benzapiren/bp_2009.pdf,3.0,2.2,2.0,1.8,0.8,1.1,0.5,0.6,1.1,2.5,2.9,3.2
Бийск,11.0,2009,1.7,https://www.rpatyphoon.ru/upload/medialibrary/benzapiren/bp_2009.pdf,4.0,3.0,2.5,1.7,1.0,0.9,0.8,0.4,0.7,1.4,1.6,2.8
Биробиджан,1.0,2009,2.0,https://www.rpatyphoon.ru/upload/medialibrary/benzapiren/bp_2009.pdf,4.0,3.2,2.0,2.5,1.5,0.9,0.6,0.4,1.0,1.2,1.7,5.3
Братск,2.0,2009,3.0,https://www.rpatyphoon.ru/upload/medialibrary/benzapiren/bp_2009.pdf,7.0,2.7,4.3,4.3,2.5,2.4,0.6,0.8,0.7,3.3,3.8,4.0
Братск,11.0,2009,4.9,https://www.rpatyphoon.ru/upload/medialibrary/benzapiren/bp_2009.pdf,7.8,6.6,4.6,4.8,2.8,3.0,1.5,1.1,4.6,3.5,8.0,10.8
Брянск,2.0,2009,1.6,https://www.rpatyphoon.ru/upload/medialibrary/benzapiren/bp_2009.pdf,2.4,2.5,2.2,1.8,1.4,0.8,0.6,1.0,0.9,1.2,1.8,2.6
Владивосток,1.0,2009,2.6,https://www.rpatyphoon.ru/upload/medialibrary/benzapiren/bp_2009.pdf,5.6,3.6,4.1,2.5,1.8,1.2,0.4,2.0,1.8,1.9,2.5,3.5
Владивосток,6.0,2009,2.5,https://www.rpatyphoon.ru/upload/medialibrary/benzapiren/bp_2009.pdf,4.2,4.6,3.7,2.0,1.5,1.6,1.1,1.2,1.4,1.6,2.1,4.7
Владикавказ,1.0,2009,1.4,https://www.rpatyphoon.ru/upload/medialibrary/benzapiren/bp_2009.pdf,3.0,2.0,1.8,1.5,1.1,0.8,0.4,0.5,0.6,1.2,1.6,2.2
Владимир,1.0,2009,1.3,https://www.rpatyphoon.ru/upload/medialibrary/benzapiren/bp_2009.pdf,3.0,2.2,1.5,1.2,1.0,0.8,0.4,0.5,0.6,0.9,1.4,2.0
Владимир,4.0,2009,1.2,https://www.rpatyphoon.ru/upload/medialibrary/benzapiren/bp_2009.pdf,2.6,1.9,1.5,1.3,1.2,0.6,0.3,0.5,0.5,0.6,1.3,1.8
Волгоград,35.0,2009,1.7,https://www.rpatyphoon.ru/upload/medialibrary/benzapiren/bp_2009.pdf,2.9,3.2,2.0,1.8,1.4,0.9,0.6,0.4,1.0,1.4,1.7,2.6
Волгодонск,4.0,2009,1.5,https://www.rpatyphoon.ru/upload/medialibrary/benzapiren/bp_2009.pdf,3.5,3.0,2.0,1.8,0.8,0.5,0.4,0.3,0.4,1.0,1.8,3.0
Волгореченск,1.0,2009,1.5,https://www.rpatyphoon.ru/upload/medialibrary/benzapiren/bp_2009.pdf,2.3,3.0,2.0,1.5,1.4,0.9,0.4,0.5,1.1,1.2,1.5,2.3
Вологда,2.0,2009,2.1,https://www.rpatyphoon.ru/upload/medialibrary/benzapiren/bp_2009.pdf,4.4,3.4,2.5,2.0,1.2,0.9,0.4,1.3,1.6,1.7,2.8,3.5
Воркута,3.0,2009,1.7,https://www.rpatyphoon.ru/upload/medialibrary/benzapiren/bp_2009.pdf,3.5,3.1,2.3,1.8,1.1,1.0,0.6,0.5,1.2,1.5,1.7,2.0
Воронеж,1.0,2009,1.6,https://www.rpatyphoon.ru/upload/medialibrary/benzapiren/bp_2009.pdf,2.3,3.0,1.8,1.5,1.4,1.2,1.5,0.7,0.8,1.2,1.5,2.5
Воронеж,7.0,2009,1.6,https://www.rpatyphoon.ru/upload/medialibrary/benzapiren/bp_2009.pdf,2.0,2.2,1.5,1.3,1.2,1.3,1.7,0.8,1.1,1.5,2.0,2.8
Воскресенск,1.0,2009,1.4,https://www.rpatyphoon.ru/upload/medialibrary/benzapiren/bp_2009.pdf,2.2,3.2,2.1,1.5,1.2,0.6,0.6,0.8,0.6,1.1,1.4,1.8
Губкин,1.0,2009,1.7,https://www.rpatyphoon.ru/upload/medialibrary/benzapiren/bp_2009.pdf,3.0,2.5,2.4,1.5,1.0,3.0,0.6,0.5,1.4,1.2,1.5,2.0
Губкин,3.0,2009,1.7,https://www.rpatyphoon.ru/upload/medialibrary/benzapiren/bp_2009.pdf,2.2,2.0,1.6,2.3,1.8,3.0,0.7,0.6,0.7,1.0,1.8,2.2
Дзержинск,1.0,2009,2.0,https://www.rpatyphoon.ru/upload/medialibrary/benzapiren/bp_2009.pdf,3.8,4.1,3.0,2.4,1.7,1.1,0.4,1.3,0.8,1.0,2.0,2.5
Дзержинск,2.0,2009,1.9,https://www.rpatyphoon.ru/upload/medialibrary/benzapiren/bp_2009.pdf,3.3,4.0,2.5,1.8,1.4,1.5,0.9,0.6,1.0,1.1,1.8,2.8
Зима,1.0,2009,3.6,https://www.rpatyphoon.ru/upload/medialibrary/benzapiren/bp_2009.pdf,9.2,5.5,3.6,3.0,2.0,1.2,0.6,0.5,1.6,1.9,3.5,10.2
Зима,2.0,2009,5.0,https://www.rpatyphoon.ru/upload/medialibrary/benzapiren/bp_2009.pdf,11.0,10.0,6.0,4.5,2.5,1.6,1.7,1.1,2.3,2.4,4.8,12.0
Иваново,1.0,2009,2.2,https://www.rpatyphoon.ru/upload/medialibrary/benzapiren/bp_2009.pdf,2.8,3.0,2.1,2.2,2.0,1.7,1.8,2.2,2.2,1.4,2.5,2.0
Ижевск,6.0,2009,2.2,https://www.rpatyphoon.ru/upload/medialibrary/benzapiren/bp_2009.pdf,3.5,3.2,2.6,1.6,1.5,1.0,0.9,1.1,1.2,1.5,4.7,5.0
Иркутск,3.0,2009,4.5,https://www.rpatyphoon.ru/upload/medialibrary/benzapiren/bp_2009.pdf,8.8,5.5,4.0,3.6,2.6,1.5,1.8,2.2,3.3,2.6,6.6,11.0
Искитим,1.0,2009,3.2,https://www.rpatyphoon.ru/upload/medialibrary/benzapiren/bp_2009.pdf,8.3,7.7,4.0,3.5,1.8,1.0,0.9,1.4,1.3,2.3,2.3,3.5
Казань,3.0,2009,2.7,https://www.rpatyphoon.ru/upload/medialibrary/benzapiren/bp_2009.pdf,5.0,4.6,3.3,3.0,2.5,1.8,1.0,0.8,1.4,1.8,2.2,4.9
Казань,4.0,2009,2.5,https://www.rpatyphoon.ru/upload/medialibrary/benzapiren/bp_2009.pdf,4.0,2.9,2.2,2.5,2.3,2.0,1.7,1.2,2.1,1.6,2.6,5.1
Казань,5.0,2009,2.8,https://www.rpatyphoon.ru/upload/medialibrary/benzapiren/bp_2009.pdf,5.5,4.9,3.5,3.2,3.0,1.8,1.7,1.1,1.9,1.5,1.9,3.0
Казань,6.0,2009,1.6,https://www.rpatyphoon.ru/upload/medialibrary/benzapiren/bp_2009.pdf,5.0,2.0,1.5,2.0,1.6,0.9,0.7,0.5,0.6,1.0,1.5,2.2
Казань,7.0,2009,2.2,https://www.rpatyphoon.ru/upload/medialibrary/benzapiren/bp_2009.pdf,4.5,2.9,1.8,1.6,2.3,2.2,0.9,1.3,1.5,1.9,2.7,3.2
Казань,8.0,2009,1.9,https://www.rpatyphoon.ru/upload/medialibrary/benzapiren/bp_2009.pdf,4.2,3.0,2.0,1.5,1.3,0.7,0.9,1.0,0.6,1.1,1.9,4.2
Калуга,2.0,2009,1.3,https://www.rpatyphoon.ru/upload/medialibrary/benzapiren/bp_2009.pdf,2.5,2.0,1.8,1.6,1.3,1.1,0.4,0.5,0.5,0.8,1.5,2.0
Канск,1.0,2009,2.9,https://www.rpatyphoon.ru/upload/medialibrary/benzapiren/bp_2009.pdf,6.0,4.8,3.8,2.3,2.2,1.8,0.5,0.8,0.9,1.6,3.5,6.0
Кемерово,1.0,2009,2.6,https://www.rpatyphoon.ru/upload/medialibrary/benzapiren/bp_2009.pdf,4.4,3.7,3.0,2.4,2.2,0.9,0.4,0.8,2.2,3.4,2.5,4.9
Кемерово,10.0,2009,2.8,https://www.rpatyphoon.ru/upload/medialibrary/benzapiren/bp_2009.pdf,6.0,4.2,3.5,2.8,2.3,1.0,1.0,1.0,1.4,2.2,2.6,5.2
Кемерово,20.0,2009,3.4,https://www.rpatyphoon.ru/upload/medialibrary/benzapiren/bp_2009.pdf,5.6,6.1,4.2,3.0,2.6,1.2,0.5,1.0,1.4,3.2,6.0,5.7
Кириши,4.0,2009,2.1,https://www.rpatyphoon.ru/upload/medialibrary/benzapiren/bp_2009.pdf,2.8,2.5,1.7,1.3,2.5,2.0,0.7,0.4,3.0,2.2,2.6,3.8
Кириши,6.0,2009,1.3,https://www.rpatyphoon.ru/upload/medialibrary/benzapiren/bp_2009.pdf,3.0,2.4,1.5,1.1,0.9,1.0,0.5,0.5,0.6,1.0,1.5,2.0
Киров,1.0,2009,1.5,https://www.rpatyphoon.ru/upload/medialibrary/benzapiren/bp_2009.pdf,3.0,2.8,2.1,1.4,1.0,0.6,0.4,0.4,0.7,1.2,1.5,2.7
Кирово­Чепецк,1.0,2009,2.4,https://www.rpatyphoon.ru/upload/medialibrary/benzapiren/bp_2009.pdf,4.0,3.2,2.5,3.0,1.2,1.4,0.6,1.5,2.0,1.8,3.9,3.8
Клин,3.0,2009,1.7,https://www.rpatyphoon.ru/upload/medialibrary/benzapiren/bp_2009.pdf,4.7,2.5,1.8,1.7,1.3,0.6,0.3,0.6,0.8,1.1,1.5,1.8
Коломна,5.0,2009,1.7,https://www.rpatyphoon.ru/upload/medialibrary/benzapiren/bp_2009.pdf,3.4,3.3,2.0,1.5,1.2,1.1,0.6,0.8,1.4,1.5,1.7,2.0
Кострома,3.0,2009,1.6,https://www.rpatyphoon.ru/upload/medialibrary/benzapiren/bp_2009.pdf,3.0,2.7,1.6,1.2,0.9,0.5,0.8,0.7,1.4,1.4,1.9,2.5
Краснодар,9.0,2009,1.8,https://www.rpatyphoon.ru/upload/medialibrary/benzapiren/bp_2009.pdf,3.7,2.5,2.1,1.6,1.2,0.9,0.5,1.1,1.2,1.4,1.8,3.0
Красноярск,3.0,2009,5.7,https://www.rpatyphoon.ru/upload/medialibrary/benzapiren/bp_2009.pdf,6.5,9.0,5.4,5.1,3.8,3.6,3.0,2.9,4.0,6.4,8.8,10.0
Красноярск,5.0,2009,4.2,https://www.rpatyphoon.ru/upload/medialibrary/benzapiren/bp_2009.pdf,4.8,7.5,7.2,5.4,2.8,2.7,2.0,1.9,2.2,2.4,4.7,7.2
Красноярск,7.0,2009,4.8,https://www.rpatyphoon.ru/upload/medialibrary/benzapiren/bp_2009.pdf,5.9,7.2,6.3,5.0,2.0,2.5,2.1,2.3,3.3,4.4,6.0,10.4
Красноярск,8.0,2009,5.4,https://www.rpatyphoon.ru/upload/medialibrary/benzapiren/bp_2009.pdf,6.2,7.7,7.6,5.9,3.2,3.0,2.4,3.1,2.3,5.9,8.0,9.7
Кстово,1.0,2009,1.8,https://www.rpatyphoon.ru/upload/medialibrary/benzapiren/bp_2009.pdf,2.7,3.3,2.0,1.5,0.8,1.2,0.4,0.8,0.8,2.0,2.5,3.0
Кувандик,2.0,2009,1.5,https://www.rpatyphoon.ru/upload/medialibrary/benzapiren/bp_2009.pdf,2.5,2.2,1.8,1.2,1.0,0.9,0.5,0.5,2.0,1.5,1.7,2.6
Курск,3.0,2009,1.5,https://www.rpatyphoon.ru/upload/medialibrary/benzapiren/bp_2009.pdf,2.8,2.3,1.8,1.3,0.9,1.1,0.5,0.4,0.6,1.8,1.9,2.7
Курск,15.0,2009,1.2,https://www.rpatyphoon.ru/upload/medialibrary/benzapiren/bp_2009.pdf,2.3,2.0,1.5,1.2,0.8,0.7,0.4,0.3,0.4,1.3,1.5,2.2
Кызыл,2.0,2009,5.0,https://www.rpatyphoon.ru/upload/medialibrary/benzapiren/bp_2009.pdf,6.2,9.0,6.2,5.7,1.9,2.0,1.8,2.0,5.1,3.9,5.8,10.2
Липецк,3.0,2009,2.3,https://www.rpatyphoon.ru/upload/medialibrary/benzapiren/bp_2009.pdf,4.0,3.6,2.8,2.3,2.0,1.2,0.5,0.9,1.2,2.0,2.8,3.8
Липецк,6.0,2009,1.8,https://www.rpatyphoon.ru/upload/medialibrary/benzapiren/bp_2009.pdf,2.7,2.3,1.8,2.0,1.7,1.3,1.0,1.4,1.5,1.2,1.8,2.8
Липецк,8.0,2009,1.4,https://www.rpatyphoon.ru/upload/medialibrary/benzapiren/bp_2009.pdf,2.3,1.8,1.6,1.5,1.2,0.8,0.7,0.5,0.9,1.0,1.5,2.6
Магадан,2.0,2009,2.8,https://www.rpatyphoon.ru/upload/medialibrary/benzapiren/bp_2009.pdf,4.8,4.0,3.2,2.6,3.0,2.7,1.1,1.4,1.5,2.2,2.7,4.2
Медногорск,3.0,2009,1.7,https://www.rpatyphoon.ru/upload/medialibrary/benzapiren/bp_2009.pdf,2.8,1.6,1.0,0.9,0.8,0.6,1.0,0.6,2.0,2.8,3.2,2.5
Мин. Воды,1.0,2009,1.0,https://www.rpatyphoon.ru/upload/medialibrary/benzapiren/bp_2009.pdf,2.0,1.5,1.3,1.0,0.8,0.6,0.3,0.3,0.4,1.0,1.5,1.8
Минусинск,2.0,2009,4.7,https://www.rpatyphoon.ru/upload/medialibrary/benzapiren/bp_2009.pdf,13.0,9.0,6.3,4.4,3.3,1.6,0.9,1.6,1.7,2.8,8.0,12.0
Москва,2.0,2009,1.5,https://www.rpatyphoon.ru/upload/medialibrary/benzapiren/bp_2009.pdf,3.3,2.2,1.8,1.6,1.0,0.8,0.5,0.3,0.7,0.9,1.3,1.8
Москва,18.0,2009,1.8,https://www.rpatyphoon.ru/upload/medialibrary/benzapiren/bp_2009.pdf,4.1,3.2,2.2,1.7,1.6,0.8,0.7,0.6,0.8,1.0,1.7,2.8
Москва,20.0,2009,1.8,https://www.rpatyphoon.ru/upload/medialibrary/benzapiren/bp_2009.pdf,3.6,3.4,2.8,1.9,1.3,1.4,0.6,1.4,0.8,0.9,1.4,2.0
Москва,21.0,2009,1.8,https://www.rpatyphoon.ru/upload/medialibrary/benzapiren/bp_2009.pdf,5.0,2.9,2.5,2.2,1.2,0.5,0.6,0.7,1.1,1.2,1.6,2.2
Москва,34.0,2009,2.2,https://www.rpatyphoon.ru/upload/medialibrary/benzapiren/bp_2009.pdf,6.5,4.7,2.7,2.4,1.4,1.5,0.5,0.6,0.7,1.1,1.5,3.0
Мытищи,1.0,2009,2.1,https://www.rpatyphoon.ru/upload/medialibrary/benzapiren/bp_2009.pdf,3.0,3.4,2.3,1.8,1.6,1.5,3.0,0.5,2.1,1.8,1.9,2.0
Набережные Челны,1.0,2009,1.8,https://www.rpatyphoon.ru/upload/medialibrary/benzapiren/bp_2009.pdf,4.4,3.0,2.0,1.6,1.5,1.4,0.6,0.8,1.0,1.3,1.6,2.5
Набережные Челны,2.0,2009,2.2,https://www.rpatyphoon.ru/upload/medialibrary/benzapiren/bp_2009.pdf,4.9,4.5,3.2,2.5,2.0,1.2,0.7,0.5,0.7,1.1,2.2,3.0
Надвоицы,2.0,2009,3.3,https://www.rpatyphoon.ru/upload/medialibrary/benzapiren/bp_2009.pdf,4.8,3.7,3.9,2.0,5.0,2.8,3.0,2.3,2.1,2.5,3.0,4.8
Назарово,1.0,2009,2.7,https://www.rpatyphoon.ru/upload/medialibrary/benzapiren/bp_2009.pdf,3.7,5.0,4.0,1.8,2.2,2.0,1.0,1.5,2.3,2.4,2.6,3.5
Назарово,2.0,2009,3.2,https://www.rpatyphoon.ru/upload/medialibrary/benzapiren/bp_2009.pdf,5.2,6.0,4.6,1.4,1.5,1.2,1.3,2.6,2.0,3.2,4.7,4.2
Нерюнгри,3.0,2009,1.6,https://www.rpatyphoon.ru/upload/medialibrary/benzapiren/bp_2009.pdf,3.0,2.4,2.2,1.2,1.4,0.7,0.9,0.9,0.7,1.0,1.8,2.5
Нижнекамск,1.0,2009,2.0,https://www.rpatyphoon.ru/upload/medialibrary/benzapiren/bp_2009.pdf,2.9,3.5,2.0,2.2,1.4,1.1,0.6,0.8,0.9,1.4,2.8,4.0
Новокузнецк,2.0,2009,3.5,https://www.rpatyphoon.ru/upload/medialibrary/benzapiren/bp_2009.pdf,5.0,6.0,3.7,3.0,1.5,1.0,1.8,2.8,2.0,5.0,6.2,4.0
Новокузнецк,10.0,2009,5.1,https://www.rpatyphoon.ru/upload/medialibrary/benzapiren/bp_2009.pdf,6.7,6.3,4.2,3.4,4.0,2.5,3.6,4.0,4.7,5.0,7.0,9.8
Новокузнецк,18.0,2009,5.2,https://www.rpatyphoon.ru/upload/medialibrary/benzapiren/bp_2009.pdf,7.6,7.0,5.0,4.7,4.6,3.5,2.8,2.4,3.8,7.3,6.4,7.2
Новокуйбышевск,1.0,2009,1.5,https://www.rpatyphoon.ru/upload/medialibrary/benzapiren/bp_2009.pdf,3.0,2.7,2.2,2.0,1.1,0.9,0.5,0.4,0.5,0.8,1.5,2.2
Новокуйбышевск,4.0,2009,1.4,https://www.rpatyphoon.ru/upload/medialibrary/benzapiren/bp_2009.pdf,2.2,2.0,1.8,1.8,1.4,1.0,0.6,0.3,0.4,1.5,1.7,2.1
Новомосковск,2.0,2009,1.5,https://www.rpatyphoon.ru/upload/medialibrary/benzapiren/bp_2009.pdf,2.4,2.3,2.0,1.6,1.4,0.6,0.7,0.8,1.0,1.4,1.6,2.2
Новосибирск,1.0,2009,2.2,https://www.rpatyphoon.ru/upload/medialibrary/benzapiren/bp_2009.pdf,3.2,4.0,2.5,2.4,1.5,1.0,1.4,1.3,1.4,1.6,2.5,3.4
Новосибирск,21.0,2009,2.9,https://www.rpatyphoon.ru/upload/medialibrary/benzapiren/bp_2009.pdf,4.0,4.5,3.3,2.8,4.0,1.3,1.3,1.5,2.3,2.5,3.4,4.0
Новосибирск,25.0,2009,2.4,https://www.rpatyphoon.ru/upload/medialibrary/benzapiren/bp_2009.pdf,3.0,3.2,2.0,3.0,4.6,0.7,1.5,0.9,1.4,2.1,3.0,3.8
Новочебоксарск,1.0,2009,1.9,https://www.rpatyphoon.ru/upload/medialibrary/benzapiren/bp_2009.pdf,3.3,3.0,2.5,1.3,1.0,0.6,0.4,1.0,0.8,1.0,3.4,3.9
Норильск,3.0,2009,1.4,https://www.rpatyphoon.ru/upload/medialibrary/benzapiren/bp_2009.pdf,2.6,2.2,1.6,1.2,1.2,0.6,1.1,0.6,1.1,1.3,1.8,2.0
Омск,7.0,2009,1.8,https://www.rpatyphoon.ru/upload/medialibrary/benzapiren/bp_2009.pdf,3.0,2.6,2.2,1.9,1.5,1.1,0.5,0.9,1.6,1.4,2.3,3.1
Омск,26.0,2009,2.6,https://www.rpatyphoon.ru/upload/medialibrary/benzapiren/bp_2009.pdf,3.7,3.6,2.8,2.1,1.7,2.9,0.7,0.9,1.4,2.2,4.2,4.5
Омск,27.0,2009,2.6,https://www.rpatyphoon.ru/upload/medialibrary/benzapiren/bp_2009.pdf,4.5,4.2,3.7,3.0,2.0,1.2,0.5,0.6,1.6,3.1,3.2,3.6
Орел,3.0,2009,2.0,https://www.rpatyphoon.ru/upload/medialibrary/benzapiren/bp_2009.pdf,4.0,3.2,2.8,2.6,1.5,1.1,1.0,0.6,1.2,1.5,1.7,2.7
Оренбург,2.0,2009,1.8,https://www.rpatyphoon.ru/upload/medialibrary/benzapiren/bp_2009.pdf,3.0,2.6,2.4,1.5,1.1,0.9,0.4,0.5,1.1,2.3,2.8,3.1
Оренбург,6.0,2009,1.4,https://www.rpatyphoon.ru/upload/medialibrary/benzapiren/bp_2009.pdf,2.3,2.0,1.8,1.2,0.7,0.7,0.7,0.6,0.9,1.6,2.0,2.5
Орск,4.0,2009,1.1,https://www.rpatyphoon.ru/upload/medialibrary/benzapiren/bp_2009.pdf,2.0,1.8,1.2,1.0,0.6,0.5,0.4,0.2,0.4,0.9,1.6,2.0
Орск,5.0,2009,1.2,https://www.rpatyphoon.ru/upload/medialibrary/benzapiren/bp_2009.pdf,2.2,2.0,1.5,1.2,0.8,0.7,0.4,0.2,0.3,0.4,1.2,3.1
Пенза,3.0,2009,1.4,https://www.rpatyphoon.ru/upload/medialibrary/benzapiren/bp_2009.pdf,2.8,2.4,1.8,1.3,1.0,0.6,0.3,1.0,0.8,1.2,1.5,2.6
Петрозаводск,3.0,2009,2.0,https://www.rpatyphoon.ru/upload/medialibrary/benzapiren/bp_2009.pdf,3.0,3.5,2.3,1.8,1.2,1.3,1.1,0.4,1.0,1.5,4.0,2.7
Подольск,1.0,2009,2.2,https://www.rpatyphoon.ru/upload/medialibrary/benzapiren/bp_2009.pdf,4.1,2.7,1.8,1.7,1.6,1.4,0.6,0.8,1.2,1.4,1.6,2.0
Прокопьевск,5.0,2009,2.3,https://www.rpatyphoon.ru/upload/medialibrary/benzapiren/bp_2009.pdf,4.0,3.4,3.7,3.0,1.6,1.4,0.6,0.5,0.8,1.5,3.4,3.9
Псков,3.0,2009,1.3,https://www.rpatyphoon.ru/upload/medialibrary/benzapiren/bp_2009.pdf,1.9,2.0,1.6,1.3,1.0,1.5,0.5,0.3,0.5,1.0,2.0,2.4
Пятигорск,1.0,2009,1.7,https://www.rpatyphoon.ru/upload/medialibrary/benzapiren/bp_2009.pdf,2.4,1.5,1.0,0.9,0.8,0.5,0.2,0.2,0.9,1.2,1.5,1.8
Ростов­на­Дону,52.0,2009,2.1,https://www.rpatyphoon.ru/upload/medialibrary/benzapiren/bp_2009.pdf,2.3,3.0,2.6,2.5,1.6,1.0,1.3,2.3,1.2,1.3,2.5,3.1
Ростов­на­Дону,55.0,2009,1.9,https://www.rpatyphoon.ru/upload/medialibrary/benzapiren/bp_2009.pdf,4.6,3.3,2.3,1.5,1.0,0.8,0.4,0.5,0.9,1.2,2.8,3.5
Рязань,3.0,2009,2.8,https://www.rpatyphoon.ru/upload/medialibrary/benzapiren/bp_2009.pdf,4.0,2.9,2.4,2.2,2.0,1.7,0.5,0.7,1.8,2.0,5.1,8.0
Рязань,6.0,2009,1.6,https://www.rpatyphoon.ru/upload/medialibrary/benzapiren/bp_2009.pdf,3.6,1.8,2.1,1.7,1.5,1.4,0.8,0.9,1.0,1.2,1.7,2.0
Салехард,1.0,2009,1.7,https://www.rpatyphoon.ru/upload/medialibrary/benzapiren/bp_2009.pdf,4.2,3.0,2.2,2.0,1.5,1.4,0.5,0.4,0.6,1.5,1.8,2.2
Самара,7.0,2009,1.8,https://www.rpatyphoon.ru/upload/medialibrary/benzapiren/bp_2009.pdf,3.0,2.8,2.2,1.8,1.9,1.2,0.7,0.7,2.1,1.0,1.6,2.0
Самара,8.0,2009,1.4,https://www.rpatyphoon.ru/upload/medialibrary/benzapiren/bp_2009.pdf,2.5,2.2,1.5,1.3,1.4,1.1,0.8,0.5,0.8,0.9,1.8,2.3
Самара,11.0,2009,1.8,https://www.rpatyphoon.ru/upload/medialibrary/benzapiren/bp_2009.pdf,4.1,3.2,2.0,1.6,1.7,1.5,0.6,0.4,0.7,0.8,1.9,3.4
Санкт­Петербург,1.0,2009,1.3,https://www.rpatyphoon.ru/upload/medialibrary/benzapiren/bp_2009.pdf,2.6,2.3,2.0,1.5,1.0,0.9,0.4,0.2,0.4,0.9,1.5,2.2
Санкт­Петербург,2.0,2009,1.5,https://www.rpatyphoon.ru/upload/medialibrary/benzapiren/bp_2009.pdf,2.4,3.0,2.2,1.8,1.2,0.8,0.5,0.7,0.5,1.2,1.7,2.5
Санкт­Петербург,4.0,2009,1.6,https://www.rpatyphoon.ru/upload/medialibrary/benzapiren/bp_2009.pdf,2.8,3.2,1.8,2.0,1.1,1.0,0.6,1.0,1.0,1.4,1.5,2.0
Санкт­Петербург,7.0,2009,1.5,https://www.rpatyphoon.ru/upload/medialibrary/benzapiren/bp_2009.pdf,2.2,3.2,2.0,1.7,1.3,1.1,0.7,0.5,1.3,0.9,1.3,1.9
Санкт­Петербург,10.0,2009,2.1,https://www.rpatyphoon.ru/upload/medialibrary/benzapiren/bp_2009.pdf,3.4,4.0,3.1,3.3,1.5,1.5,0.7,0.9,1.0,1.6,1.8,3.0
Санкт­Петербург,12.0,2009,1.6,https://www.rpatyphoon.ru/upload/medialibrary/benzapiren/bp_2009.pdf,2.8,3.2,2.0,1.8,1.4,1.0,1.2,0.4,0.6,0.8,1.1,2.5
Санкт­Петербург,27.0,2009,1.5,https://www.rpatyphoon.ru/upload/medialibrary/benzapiren/bp_2009.pdf,1.9,2.0,2.0,2.2,1.1,0.8,0.4,1.0,0.9,1.1,1.8,2.7
Саранск,3.0,2009,2.6,https://www.rpatyphoon.ru/upload/medialibrary/benzapiren/bp_2009.pdf,3.4,3.0,2.8,1.8,1.6,1.7,1.4,1.8,1.6,2.0,2.3,7.4
Саратов,1.0,2009,2.0,https://www.rpatyphoon.ru/upload/medialibrary/benzapiren/bp_2009.pdf,3.8,2.6,2.1,1.5,1.5,1.3,0.8,0.7,1.9,3.0,2.6,3.2
Саратов,2.0,2009,2.0,https://www.rpatyphoon.ru/upload/medialibrary/benzapiren/bp_2009.pdf,3.3,2.3,2.4,2.0,2.2,1.5,1.2,0.6,0.8,2.2,2.5,3.4
Саратов,5.0,2009,1.5,https://www.rpatyphoon.ru/upload/medialibrary/benzapiren/bp_2009.pdf,2.2,2.0,2.2,1.6,1.3,1.1,0.9,0.5,1.1,1.0,2.0,2.5
Саяногорск,2.0,2009,2.2,https://www.rpatyphoon.ru/upload/medialibrary/benzapiren/bp_2009.pdf,3.6,3.1,2.8,2.5,2.0,1.2,0.7,1.0,0.8,1.5,3.0,4.5
Саянск,3.0,2009,1.5,https://www.rpatyphoon.ru/upload/medialibrary/benzapiren/bp_2009.pdf,2.7,2.0,1.5,1.3,1.2,0.9,0.5,0.3,0.6,1.1,2.5,3.0
Селингинск,1.0,2009,3.5,https://www.rpatyphoon.ru/upload/medialibrary/benzapiren/bp_2009.pdf,7.0,7.8,3.8,3.7,2.4,1.2,1.2,1.5,1.0,1.9,2.2,8.5
Серпухов,3.0,2009,2.1,https://www.rpatyphoon.ru/upload/medialibrary/benzapiren/bp_2009.pdf,4.4,3.5,2.0,1.8,0.9,1.1,1.4,1.3,1.1,1.5,1.7,4.0
Смоленск,5.0,2009,1.8,https://www.rpatyphoon.ru/upload/medialibrary/benzapiren/bp_2009.pdf,3.4,2.8,2.8,2.2,2.0,0.9,0.4,0.3,1.0,1.2,1.5,2.5
Ставрополь,7.0,2009,1.5,https://www.rpatyphoon.ru/upload/medialibrary/benzapiren/bp_2009.pdf,3.5,2.0,1.5,1.2,0.8,0.9,0.4,0.7,0.6,1.5,1.8,2.3
Старый Оскол,1.0,2009,1.9,https://www.rpatyphoon.ru/upload/medialibrary/benzapiren/bp_2009.pdf,4.0,3.2,2.7,2.0,1.6,1.4,1.1,0.5,1.1,1.2,1.8,2.5
Старый Оскол,2.0,2009,1.9,https://www.rpatyphoon.ru/upload/medialibrary/benzapiren/bp_2009.pdf,4.1,3.5,2.9,2.2,2.0,1.7,0.6,0.4,0.7,1.0,1.6,1.8
Старый Оскол,13.0,2009,1.8,https://www.rpatyphoon.ru/upload/medialibrary/benzapiren/bp_2009.pdf,3.6,3.0,2.5,1.8,1.4,1.3,0.8,0.4,0.9,1.2,1.5,2.9
Сургут,1.0,2009,1.4,https://www.rpatyphoon.ru/upload/medialibrary/benzapiren/bp_2009.pdf,2.5,2.0,1.7,1.4,1.0,0.7,0.6,0.7,1.0,1.2,1.5,2.0
Сызрань,2.0,2009,1.9,https://www.rpatyphoon.ru/upload/medialibrary/benzapiren/bp_2009.pdf,4.5,3.8,3.0,2.3,1.7,1.0,0.6,0.6,0.9,1.3,1.5,1.8
Сызрань,3.0,2009,1.3,https://www.rpatyphoon.ru/upload/medialibrary/benzapiren/bp_2009.pdf,3.2,2.3,1.7,1.6,1.2,0.8,0.3,0.3,0.5,0.7,1.2,1.5
Сыктывкар,9.0,2009,2.1,https://www.rpatyphoon.ru/upload/medialibrary/benzapiren/bp_2009.pdf,4.2,3.5,3.0,2.5,1.8,1.2,1.8,1.3,0.7,0.9,1.7,2.5
Сыктывкар,10.0,2009,1.5,https://www.rpatyphoon.ru/upload/medialibrary/benzapiren/bp_2009.pdf,2.7,3.2,2.6,1.8,1.3,0.6,0.6,0.8,0.6,0.7,1.2,2.0
Таганрог,2.0,2009,1.6,https://www.rpatyphoon.ru/upload/medialibrary/benzapiren/bp_2009.pdf,3.2,2.5,2.0,1.5,0.8,1.2,0.7,0.8,0.9,1.2,2.0,2.6
Тамбов,1.0,2009,1.6,https://www.rpatyphoon.ru/upload/medialibrary/benzapiren/bp_2009.pdf,3.6,2.6,2.0,1.5,1.1,1.0,0.5,0.6,0.9,1.0,1.6,2.8
Тверь,1.0,2009,2.2,https://www.rpatyphoon.ru/upload/medialibrary/benzapiren/bp_2009.pdf,3.6,3.3,2.6,2.0,1.9,1.2,0.7,1.2,1.7,1.4,3.0,3.4
Тольятти,2.0,2009,1.8,https://www.rpatyphoon.ru/upload/medialibrary/benzapiren/bp_2009.pdf,2.6,2.2,1.8,1.5,1.7,1.6,0.6,0.7,0.9,1.6,1.9,3.2
Тольятти,7.0,2009,1.8,https://www.rpatyphoon.ru/upload/medialibrary/benzapiren/bp_2009.pdf,3.3,2.7,2.2,2.0,1.4,1.0,0.5,1.1,0.6,0.9,2.9,3.5
Томск,2.0,2009,2.0,https://www.rpatyphoon.ru/upload/medialibrary/benzapiren/bp_2009.pdf,3.8,3.2,2.3,2.1,1.2,0.7,1.0,1.1,0.8,1.2,2.1,4.2
Туймазы,1.0,2009,1.3,https://www.rpatyphoon.ru/upload/medialibrary/benzapiren/bp_2009.pdf,2.2,2.6,1.8,1.6,0.8,0.5,0.6,0.3,0.5,1.2,1.4,2.0
Тула,1.0,2009,2.2,https://www.rpatyphoon.ru/upload/medialibrary/benzapiren/bp_2009.pdf,4.2,3.2,2.7,2.5,2.0,1.0,0.5,2.0,2.0,1.7,1.8,2.8
Тула,9.0,2009,1.7,https://www.rpatyphoon.ru/upload/medialibrary/benzapiren/bp_2009.pdf,3.6,2.4,2.0,1.8,1.5,0.9,0.6,2.2,1.2,1.0,1.4,2.0
Тюмень,3.0,2009,2.4,https://www.rpatyphoon.ru/upload/medialibrary/benzapiren/bp_2009.pdf,4.0,3.3,2.8,2.0,1.6,1.1,1.4,1.9,1.4,2.2,2.4,3.8
Улан­Удэ,1.0,2009,4.0,https://www.rpatyphoon.ru/upload/medialibrary/benzapiren/bp_2009.pdf,7.1,5.0,3.5,2.8,1.8,1.3,1.2,0.8,2.1,6.0,7.2,9.0
Улан­Удэ,2.0,2009,3.2,https://www.rpatyphoon.ru/upload/medialibrary/benzapiren/bp_2009.pdf,5.0,4.5,3.7,2.6,1.6,2.2,1.4,0.7,2.0,2.8,6.6,5.4
Ульяновск,4.0,2009,1.1,https://www.rpatyphoon.ru/upload/medialibrary/benzapiren/bp_2009.pdf,2.2,1.8,1.5,1.2,0.9,0.6,0.4,0.3,0.4,1.0,1.5,1.8
Ульяновск,5.0,2009,1.1,https://www.rpatyphoon.ru/upload/medialibrary/benzapiren/bp_2009.pdf,2.0,2.0,1.2,1.0,0.8,0.5,0.3,0.2,0.3,1.2,1.8,2.0
Усолье­Сибирское,4.0,2009,2.9,https://www.rpatyphoon.ru/upload/medialibrary/benzapiren/bp_2009.pdf,6.2,5.6,4.5,2.8,1.4,1.2,0.5,1.4,1.2,1.4,3.3,5.8
Ухта,1.0,2009,1.4,https://www.rpatyphoon.ru/upload/medialibrary/benzapiren/bp_2009.pdf,2.0,2.1,1.6,1.2,1.0,0.8,0.4,0.3,0.5,1.0,2.5,2.8
Хабаровск,3.0,2009,3.7,https://www.rpatyphoon.ru/upload/medialibrary/benzapiren/bp_2009.pdf,9.0,4.8,3.9,3.0,2.7,1.7,1.6,1.4,1.0,4.3,4.6,6.6
Чапаевск,1.0,2009,1.6,https://www.rpatyphoon.ru/upload/medialibrary/benzapiren/bp_2009.pdf,3.3,3.0,2.4,2.0,1.4,1.2,0.5,0.3,0.5,0.8,1.8,2.0
Чапаевск,3.0,2009,2.1,https://www.rpatyphoon.ru/upload/medialibrary/benzapiren/bp_2009.pdf,4.2,3.9,3.2,2.5,1.8,1.3,0.4,0.3,0.7,1.0,2.5,2.8
Чебоксары,3.0,2009,1.6,https://www.rpatyphoon.ru/upload/medialibrary/benzapiren/bp_2009.pdf,2.6,2.2,3.0,1.9,1.2,1.0,0.4,1.0,0.8,1.2,1.5,2.4
Череповец,2.0,2009,2.1,https://www.rpatyphoon.ru/upload/medialibrary/benzapiren/bp_2009.pdf,3.2,2.2,2.0,1.6,1.8,1.0,1.3,0.6,4.0,1.9,2.8,3.1
Череповец,3.0,2009,1.8,https://www.rpatyphoon.ru/upload/medialibrary/benzapiren/bp_2009.pdf,2.8,3.0,2.1,1.5,1.7,1.6,0.6,0.8,1.0,1.2,2.4,2.8
Черногорск,2.0,2009,6.3,https://www.rpatyphoon.ru/upload/medialibrary/benzapiren/bp_2009.pdf,12.0,10.0,6.2,4.5,3.6,1.8,1.5,1.6,4.9,5.2,10.3,13.5
Чита,4.0,2009,7.5,https://www.rpatyphoon.ru/upload/medialibrary/benzapiren/bp_2009.pdf,13.0,9.7,9.5,8.8,3.5,1.9,1.1,2.1,4.6,9.5,12.5,13.7
Чита,5.0,2009,6.6,https://www.rpatyphoon.ru/upload/medialibrary/benzapiren/bp_2009.pdf,14.0,10.6,7.8,7.0,3.2,2.0,1.0,1.5,5.0,9.4,6.9,10.9
Чита,6.0,2009,3.2,https://www.rpatyphoon.ru/upload/medialibrary/benzapiren/bp_2009.pdf,5.8,4.8,4.2,3.3,1.6,0.9,0.7,0.8,0.8,2.2,6.2,7.0
Шахты,1.0,2009,1.9,https://www.rpatyphoon.ru/upload/medialibrary/benzapiren/bp_2009.pdf,3.6,2.6,2.0,1.9,1.8,1.5,0.6,0.8,1.0,1.8,2.5,3.0
Шелехов,3.0,2009,2.6,https://www.rpatyphoon.ru/upload/medialibrary/benzapiren/bp_2009.pdf,7.2,5.2,3.8,2.8,1.4,0.7,1.2,0.5,0.6,1.9,2.8,3.5
Щелково,2.0,2009,1.3,https://www.rpatyphoon.ru/upload/medialibrary/benzapiren/bp_2009.pdf,2.0,2.3,1.7,1.5,0.9,0.5,0.8,0.4,0.6,1.2,1.6,2.0
Электросталь,3.0,2009,1.6,https://www.rpatyphoon.ru/upload/medialibrary/benzapiren/bp_2009.pdf,3.0,2.3,2.0,1.9,1.0,1.0,0.7,0.6,1.0,1.3,1.5,3.0
Южно­Сахалинск,1.0,2009,4.7,https://www.rpatyphoon.ru/upload/medialibrary/benzapiren/bp_2009.pdf,7.0,9.3,5.7,5.0,2.7,3.3,1.0,1.6,2.9,4.2,8.6,4.5
Южно­Сахалинск,4.0,2009,4.3,https://www.rpatyphoon.ru/upload/medialibrary/benzapiren/bp_2009.pdf,6.2,8.5,4.8,4.3,4.0,2.3,1.5,2.9,5.3,3.0,5.9,6.4
Якутск,1.0,2009,2.7,https://www.rpatyphoon.ru/upload/medialibrary/benzapiren/bp_2009.pdf,4.8,3.6,3.2,2.0,1.7,1.0,0.5,1.3,1.4,3.4,4.5,5.0
Якутск,3.0,2009,2.5,https://www.rpatyphoon.ru/upload/medialibrary/benzapiren/bp_2009.pdf,5.0,4.0,4.1,3.4,2.6,1.2,0.6,0.4,0.7,1.0,3.0,3.8
Ярославль,1.0,2009,2.4,https://www.rpatyphoon.ru/upload/medialibrary/benzapiren/bp_2009.pdf,4.5,5.0,2.5,2.3,2.2,2.0,0.4,1.0,2.3,1.5,2.5,3.0
Ярославль,4.0,2009,2.3,https://www.rpatyphoon.ru/upload/medialibrary/benzapiren/bp_2009.pdf,3.7,4.7,4.1,2.6,2.0,1.2,0.6,0.7,1.4,1.6,2.1,2.7
Ясная Поляна,1.0,2009,0.7,https://www.rpatyphoon.ru/upload/medialibrary/benzapiren/bp_2009.pdf,1.3,1.1,1.0,0.7,0.6,0.5,0.2,0.2,0.3,0.6,1.0,1.3
Благовещенск,2.0,2018,0.17,https://www.rpatyphoon.ru/upload/medialibrary/benzapiren/bp_2018.pdf,0.18,0.21,0.18,0.24,0.11,0.06,,0.36,0.38,0.03,0.04,0.1
Туймазы,1.0,2018,0.22,https://www.rpatyphoon.ru/upload/medialibrary/benzapiren/bp_2018.pdf,0.12,0.28,0.28,0.31,0.13,0.1,0.27,0.32,0.22,0.1,0.39,0.15
Салават,1.0,2018,0.64,https://www.rpatyphoon.ru/upload/medialibrary/benzapiren/bp_2018.pdf,0.44,0.66,0.42,0.28,0.16,0.2,0.36,,0.61,0.14,1.51,2.2
Стерлитамак,2.0,2018,1.3,https://www.rpatyphoon.ru/upload/medialibrary/benzapiren/bp_2018.pdf,1.5,1.4,1.3,0.2,0.33,0.23,0.57,0.96,1.2,0.71,3.8,3.2
Уфа,1.0,2018,1.3,https://www.rpatyphoon.ru/upload/medialibrary/benzapiren/bp_2018.pdf,1.9,1.4,0.72,0.65,0.53,0.19,0.74,1.1,,1.3,1.9,3.3
Арзамаc,1.0,2018,0.31,https://www.rpatyphoon.ru/upload/medialibrary/benzapiren/bp_2018.pdf,0.11,0.95,0.25,0.44,0.1,0.48,0.44,0.32,0.09,0.16,0.14,0.2
Дзержинск,1.0,2018,0.41,https://www.rpatyphoon.ru/upload/medialibrary/benzapiren/bp_2018.pdf,0.18,0.84,0.67,0.34,0.36,0.82,0.22,0.52,0.02,0.34,0.21,0.36
Ижевск,6.0,2018,0.38,https://www.rpatyphoon.ru/upload/medialibrary/benzapiren/bp_2018.pdf,0.25,0.62,0.37,0.31,0.27,0.56,0.29,0.64,0.23,0.31,0.27,0.42
Киров,1.0,2018,0.78,https://www.rpatyphoon.ru/upload/medialibrary/benzapiren/bp_2018.pdf,0.56,0.76,0.3,0.13,0.41,0.35,0.45,0.61,0.53,1.0,1.83,2.4
Кстово,1.0,2018,0.38,https://www.rpatyphoon.ru/upload/medialibrary/benzapiren/bp_2018.pdf,0.43,0.9,0.6,0.4,0.43,0.19,0.23,0.43,0.1,0.35,0.12,0.43
Кирово-Чепецк,1.0,2018,0.86,https://www.rpatyphoon.ru/upload/medialibrary/benzapiren/bp_2018.pdf,0.58,1.7,0.56,0.34,0.87,0.9,0.77,0.74,0.16,0.77,1.6,1.3
Новочебоксарск,1.0,2018,0.3,https://www.rpatyphoon.ru/upload/medialibrary/benzapiren/bp_2018.pdf,0.24,0.44,0.19,0.2,0.33,0.21,0.35,0.45,0.35,0.12,0.37,0.29
Саранск,3.0,2018,0.54,https://www.rpatyphoon.ru/upload/medialibrary/benzapiren/bp_2018.pdf,0.45,0.66,0.27,0.19,0.57,0.53,0.77,0.91,0.25,0.46,0.34,1.1
Чебоксары,3.0,2018,0.32,https://www.rpatyphoon.ru/upload/medialibrary/benzapiren/bp_2018.pdf,0.35,0.21,0.17,0.22,0.32,0.23,0.61,0.52,0.31,0.14,0.26,0.44
Барнаул,1.0,2018,3.1,https://www.rpatyphoon.ru/upload/medialibrary/benzapiren/bp_2018.pdf,7.2,7.0,4.2,1.5,0.63,0.71,1.5,0.54,0.78,1.3,2.8,8.8
Бердск,7.0,2018,0.44,https://www.rpatyphoon.ru/upload/medialibrary/benzapiren/bp_2018.pdf,0.48,0.38,0.39,0.21,0.46,0.9,0.46,0.1,0.35,0.15,0.11,1.3
Бийск,11.0,2018,3.3,https://www.rpatyphoon.ru/upload/medialibrary/benzapiren/bp_2018.pdf,5.7,8.3,3.4,1.3,0.44,0.64,0.64,1.3,0.49,1.1,3.1,13.3
Искитим,1.0,2018,5.2,https://www.rpatyphoon.ru/upload/medialibrary/benzapiren/bp_2018.pdf,7.1,17.2,4.3,2.5,1.5,0.76,1.7,0.26,2.3,2.3,3.1,19.7
Кемерово,1.0,2018,1.6,https://www.rpatyphoon.ru/upload/medialibrary/benzapiren/bp_2018.pdf,1.7,6.7,1.7,0.38,0.7,0.74,0.6,1.0,0.82,0.64,0.94,3.8
Новокузнецк,2.0,2018,4.8,https://www.rpatyphoon.ru/upload/medialibrary/benzapiren/bp_2018.pdf,9.7,17.2,1.9,2.0,1.4,0.81,4.8,0.63,1.5,2.1,2.3,12.6
Новосибирск,1.0,2018,0.67,https://www.rpatyphoon.ru/upload/medialibrary/benzapiren/bp_2018.pdf,0.66,1.4,0.55,0.3,0.76,0.49,0.71,0.06,0.61,0.22,0.14,2.1
Прокопьевск,5.0,2018,2.3,https://www.rpatyphoon.ru/upload/medialibrary/benzapiren/bp_2018.pdf,6.2,7.7,2.4,0.84,0.41,0.41,0.73,1.2,0.65,0.57,0.88,6.0
Томск,2.0,2018,0.99,https://www.rpatyphoon.ru/upload/medialibrary/benzapiren/bp_2018.pdf,2.0,2.0,0.8,0.27,0.31,0.61,0.64,0.71,1.1,0.35,1.5,1.6
Ангарск,25.0,2018,4.7,https://www.rpatyphoon.ru/upload/medialibrary/benzapiren/bp_2018.pdf,10.7,5.5,5.2,2.3,0.76,0.83,0.94,,1.2,3.8,11.3,9.4
Байкальск,48.0,2018,1.7,https://www.rpatyphoon.ru/upload/medialibrary/benzapiren/bp_2018.pdf,1.7,4.1,2.0,0.42,,0.98,0.36,,,1.7,2.5,
Братск,2.0,2018,2.9,https://www.rpatyphoon.ru/upload/medialibrary/benzapiren/bp_2018.pdf,3.2,2.3,1.5,0.94,1.2,2.0,0.7,1.1,0.84,1.6,12.6,6.2
Бирюсинск,2.0,2018,1.6,https://www.rpatyphoon.ru/upload/medialibrary/benzapiren/bp_2018.pdf,2.3,1.5,0.47,0.74,0.56,1.0,0.84,1.8,5.1,1.2,,2.2
Зима,1.0,2018,5.1,https://www.rpatyphoon.ru/upload/medialibrary/benzapiren/bp_2018.pdf,5.6,15.8,3.8,1.4,1.4,1.0,0.64,2.2,1.5,4.5,11.8,11.7
Иркутск,2.0,2018,7.7,https://www.rpatyphoon.ru/upload/medialibrary/benzapiren/bp_2018.pdf,,,4.0,1.3,0.77,1.2,,,,3.8,17.6,25.3
Култук,5.0,2018,1.6,https://www.rpatyphoon.ru/upload/medialibrary/benzapiren/bp_2018.pdf,3.0,6.2,2.1,0.36,,1.2,0.58,0.35,0.5,0.74,0.96,
п.Листвянка,1.0,2018,1.0,https://www.rpatyphoon.ru/upload/medialibrary/benzapiren/bp_2018.pdf,2.2,1.5,0.6,0.28,0.27,0.96,0.42,0.65,0.46,0.78,1.3,2.7
Саянск,3.0,2018,3.2,https://www.rpatyphoon.ru/upload/medialibrary/benzapiren/bp_2018.pdf,9.0,6.2,2.8,1.1,0.38,1.0,0.6,0.71,0.78,1.8,6.7,7.0
Свирск,1.0,2018,14.5,https://www.rpatyphoon.ru/upload/medialibrary/benzapiren/bp_2018.pdf,39.2,9.6,15.4,2.2,0.8,2.7,1.2,3.6,5.4,14.6,35.5,43.8
Слюдянка,1.0,2018,0.63,https://www.rpatyphoon.ru/upload/medialibrary/benzapiren/bp_2018.pdf,1.0,0.71,0.42,0.5,,0.71,0.77,1.5,0.2,0.32,0.17,
Тулун,1.0,2018,3.5,https://www.rpatyphoon.ru/upload/medialibrary/benzapiren/bp_2018.pdf,2.9,6.4,5.7,0.48,0.5,1.7,0.89,1.4,0.32,5.5,4.3,11.3
Усолье-Сибирское,4.0,2018,8.3,https://www.rpatyphoon.ru/upload/medialibrary/benzapiren/bp_2018.pdf,29.4,14.6,4.8,3.7,0.29,1.9,0.69,0.81,,4.4,13.5,17.0
Усть-Илимск,2.0,2018,0.4,https://www.rpatyphoon.ru/upload/medialibrary/benzapiren/bp_2018.pdf,0.55,0.63,0.25,0.15,0.51,0.53,,0.33,0.36,0.4,0.22,0.45
Черемхово,6.0,2018,8.6,https://www.rpatyphoon.ru/upload/medialibrary/benzapiren/bp_2018.pdf,13.8,7.5,3.9,1.5,0.63,1.0,1.9,6.5,0.76,9.3,22.7,33.5
Шелехов,1.0,2018,9.1,https://www.rpatyphoon.ru/upload/medialibrary/benzapiren/bp_2018.pdf,19.1,19.1,5.1,1.3,0.33,2.1,2.9,0.77,0.88,1.4,13.6,43.2
Калининград,1.0,2018,0.9,https://www.rpatyphoon.ru/upload/medialibrary/benzapiren/bp_2018.pdf,1.4,1.7,1.8,0.46,0.2,0.04,0.44,0.71,0.44,0.36,1.8,1.4
Петропавловск,3.0,2018,0.6,https://www.rpatyphoon.ru/upload/medialibrary/benzapiren/bp_2018.pdf,0.49,0.36,0.53,0.15,0.25,0.26,0.82,0.69,0.28,0.66,1.5,1.2
Камчатский,12.0,2018,0.41,https://www.rpatyphoon.ru/upload/medialibrary/benzapiren/bp_2018.pdf,0.54,0.21,0.28,0.15,0.13,0.18,0.37,0.53,0.23,0.32,1.0,0.9
Магадан,2.0,2018,0.67,https://www.rpatyphoon.ru/upload/medialibrary/benzapiren/bp_2018.pdf,0.55,0.81,1.3,0.23,0.31,0.33,0.46,0.53,0.4,0.72,0.73,1.6
Армянск,1.0,2018,0.09,https://www.rpatyphoon.ru/upload/medialibrary/benzapiren/bp_2018.pdf,0.05,0.06,0.01,0.04,0.12,0.13,0.22,0.13,0.12,0.16,0.03,0.06
Керчь,2.0,2018,0.13,https://www.rpatyphoon.ru/upload/medialibrary/benzapiren/bp_2018.pdf,0.18,0.2,0.09,0.03,0.23,0.15,0.18,0.13,0.16,0.07,0.02,0.14
Красноперекопск,1.0,2018,0.11,https://www.rpatyphoon.ru/upload/medialibrary/benzapiren/bp_2018.pdf,0.03,0.27,0.08,0.07,0.18,0.11,0.18,0.14,0.14,0.06,0.01,0.03
Севастополь,1.0,2018,0.49,https://www.rpatyphoon.ru/upload/medialibrary/benzapiren/bp_2018.pdf,0.7,0.8,0.19,1.1,0.15,0.07,0.16,0.27,0.31,0.32,1.0,0.84
Симферополь,1.0,2018,0.32,https://www.rpatyphoon.ru/upload/medialibrary/benzapiren/bp_2018.pdf,0.19,0.22,0.06,0.22,0.24,0.19,0.2,0.16,0.25,0.37,0.94,0.76
Ялта,,2018,0.27,https://www.rpatyphoon.ru/upload/medialibrary/benzapiren/bp_2018.pdf,0.76,0.37,0.03,0.09,0.2,0.1,0.38,0.19,0.19,0.08,0.08,0.73
Владимир,1.0,2018,0.12,https://www.rpatyphoon.ru/upload/medialibrary/benzapiren/bp_2018.pdf,0.19,0.15,0.09,0.04,0.12,0.13,0.14,0.13,0.04,0.05,0.11,0.29
Волгореченск,1.0,2018,0.28,https://www.rpatyphoon.ru/upload/medialibrary/benzapiren/bp_2018.pdf,0.1,0.3,0.46,0.08,0.15,0.11,0.16,0.24,0.12,0.14,0.25,1.3
Воскресенск,1.0,2018,0.42,https://www.rpatyphoon.ru/upload/medialibrary/benzapiren/bp_2018.pdf,0.36,0.64,0.52,0.33,0.34,0.21,0.71,0.41,0.13,0.39,0.47,0.5
Иваново,1.0,2018,0.29,https://www.rpatyphoon.ru/upload/medialibrary/benzapiren/bp_2018.pdf,0.16,0.23,0.2,0.09,0.17,0.1,0.2,0.15,0.18,0.45,0.52,0.98
Калуга,2.0,2018,0.51,https://www.rpatyphoon.ru/upload/medialibrary/benzapiren/bp_2018.pdf,0.68,0.28,0.58,0.06,0.19,0.22,0.35,0.36,0.4,0.55,1.4,1.0
Кострома,3.0,2018,0.45,https://www.rpatyphoon.ru/upload/medialibrary/benzapiren/bp_2018.pdf,0.46,0.47,0.4,0.15,0.3,0.23,0.35,0.23,0.35,0.29,0.63,1.5
Коломна,5.0,2018,0.37,https://www.rpatyphoon.ru/upload/medialibrary/benzapiren/bp_2018.pdf,0.28,0.44,0.41,0.18,0.21,0.19,0.38,0.24,0.1,0.44,0.38,1.2
Клин,6.0,2018,0.34,https://www.rpatyphoon.ru/upload/medialibrary/benzapiren/bp_2018.pdf,0.14,0.57,0.28,0.05,0.24,0.11,0.46,0.29,0.07,0.33,0.36,1.2
Мытищи,1.0,2018,0.3,https://www.rpatyphoon.ru/upload/medialibrary/benzapiren/bp_2018.pdf,0.24,0.35,0.2,0.09,0.3,0.16,0.34,0.1,0.12,0.4,0.36,0.94
Новомосковск,2.0,2018,0.36,https://www.rpatyphoon.ru/upload/medialibrary/benzapiren/bp_2018.pdf,0.4,0.46,0.24,0.35,0.2,0.17,0.19,0.29,0.12,0.38,0.72,0.76
Подольск,1.0,2018,0.65,https://www.rpatyphoon.ru/upload/medialibrary/benzapiren/bp_2018.pdf,0.89,0.57,0.71,0.3,0.48,0.31,0.43,0.57,0.37,0.71,0.95,1.5
Рязань,1.0,2018,0.36,https://www.rpatyphoon.ru/upload/medialibrary/benzapiren/bp_2018.pdf,0.11,0.49,0.22,0.2,0.3,0.17,0.38,0.33,0.26,0.43,0.6,0.85
Серпухов,3.0,2018,0.34,https://www.rpatyphoon.ru/upload/medialibrary/benzapiren/bp_2018.pdf,0.22,0.7,0.23,0.17,0.2,0.33,0.52,0.21,0.08,0.25,0.33,0.85
Смоленск,5.0,2018,0.58,https://www.rpatyphoon.ru/upload/medialibrary/benzapiren/bp_2018.pdf,0.46,0.53,0.23,0.46,0.43,0.24,0.32,0.31,0.38,0.73,0.46,2.4
Тверь,1.0,2018,0.77,https://www.rpatyphoon.ru/upload/medialibrary/benzapiren/bp_2018.pdf,0.27,0.39,0.58,0.61,0.5,0.35,0.46,0.39,0.66,1.6,1.3,2.1
Тула,1.0,2018,0.23,https://www.rpatyphoon.ru/upload/medialibrary/benzapiren/bp_2018.pdf,0.15,0.31,0.09,0.07,0.52,0.38,0.4,,0.08,0.23,0.2,0.15
Щелково,2.0,2018,0.42,https://www.rpatyphoon.ru/upload/medialibrary/benzapiren/bp_2018.pdf,0.05,0.29,0.31,0.13,0.31,0.13,0.42,0.22,0.15,0.37,0.34,2.3
Электросталь,3.0,2018,0.41,https://www.rpatyphoon.ru/upload/medialibrary/benzapiren/bp_2018.pdf,0.14,0.78,0.78,0.13,0.51,0.14,0.15,0.43,0.16,0.24,0.46,1.0
Ясная Поляна,1.0,2018,0.45,https://www.rpatyphoon.ru/upload/medialibrary/benzapiren/bp_2018.pdf,0.29,1.3,0.2,0.12,0.34,0.2,0.29,,0.22,0.73,0.24,0.97
Омск,1.0,2018,0.96,https://www.rpatyphoon.ru/upload/medialibrary/benzapiren/bp_2018.pdf,,,0.91,0.83,0.47,0.5,0.76,0.71,0.25,0.77,1.3,3.0
Салехард,1.0,2018,0.46,https://www.rpatyphoon.ru/upload/medialibrary/benzapiren/bp_2018.pdf,0.29,1.7,0.46,0.48,0.17,0.21,0.37,0.39,0.19,0.26,0.64,0.29
Тюмень,3.0,2018,1.0,https://www.rpatyphoon.ru/upload/medialibrary/benzapiren/bp_2018.pdf,2.4,2.0,1.1,0.26,0.18,0.28,0.63,0.68,0.42,0.6,0.87,2.9
Балаково,5.0,2018,0.22,https://www.rpatyphoon.ru/upload/medialibrary/benzapiren/bp_2018.pdf,0.15,0.42,0.11,0.17,0.36,0.02,0.57,0.35,0.17,0.1,,0.04
Кувандик,2.0,2018,1.0,https://www.rpatyphoon.ru/upload/medialibrary/benzapiren/bp_2018.pdf,2.0,2.2,0.42,0.23,0.62,0.07,0.96,0.34,0.44,1.0,1.2,2.3
Медногорск,3.0,2018,1.1,https://www.rpatyphoon.ru/upload/medialibrary/benzapiren/bp_2018.pdf,2.0,3.4,0.95,0.73,0.54,0.05,0.43,0.83,0.63,0.52,1.6,1.1
Новокуйбышевск,1.0,2018,0.36,https://www.rpatyphoon.ru/upload/medialibrary/benzapiren/bp_2018.pdf,0.16,0.51,0.47,0.25,0.18,0.09,0.38,0.43,0.39,0.31,0.62,0.58
Новотроицк,1.0,2018,1.3,https://www.rpatyphoon.ru/upload/medialibrary/benzapiren/bp_2018.pdf,2.7,2.2,0.86,1.7,1.7,0.14,0.55,0.66,0.88,0.38,1.9,1.6
Оренбург,2.0,2018,1.2,https://www.rpatyphoon.ru/upload/medialibrary/benzapiren/bp_2018.pdf,1.7,2.7,0.66,0.81,1.1,0.28,0.83,1.0,1.6,1.6,0.38,1.5
Орск,4.0,2018,2.0,https://www.rpatyphoon.ru/upload/medialibrary/benzapiren/bp_2018.pdf,1.8,4.5,1.1,0.54,0.53,0.44,0.94,1.4,1.8,1.7,2.7,6.5
Пенза,3.0,2018,0.45,https://www.rpatyphoon.ru/upload/medialibrary/benzapiren/bp_2018.pdf,0.95,1.1,0.67,0.3,0.26,0.06,0.31,0.45,0.2,0.42,0.27,0.51
Самара,7.0,2018,0.2,https://www.rpatyphoon.ru/upload/medialibrary/benzapiren/bp_2018.pdf,0.12,0.26,0.03,0.34,0.27,0.11,0.35,0.34,0.08,0.05,0.19,0.24
Саратов,1.0,2018,0.24,https://www.rpatyphoon.ru/upload/medialibrary/benzapiren/bp_2018.pdf,0.21,0.42,0.16,0.38,0.24,0.04,0.38,0.34,0.08,0.12,0.14,0.39
Саратов,5.0,2018,0.24,https://www.rpatyphoon.ru/upload/medialibrary/benzapiren/bp_2018.pdf,0.28,0.48,0.17,0.32,0.31,0.07,0.2,0.29,0.1,0.07,0.34,0.24
Сызрань,2.0,2018,0.63,https://www.rpatyphoon.ru/upload/medialibrary/benzapiren/bp_2018.pdf,0.71,1.5,0.27,0.49,0.37,0.03,0.38,0.51,0.25,0.86,1.2,1.0
Сызрань,3.0,2018,0.92,https://www.rpatyphoon.ru/upload/medialibrary/benzapiren/bp_2018.pdf,0.32,1.3,0.14,0.23,0.33,0.04,0.48,0.8,0.88,2.3,1.6,2.6
Тольятти,2.0,2018,1.4,https://www.rpatyphoon.ru/upload/medialibrary/benzapiren/bp_2018.pdf,3.1,3.0,1.5,1.0,0.72,0.21,0.57,1.2,0.95,1.2,1.7,1.9
Ульяновск,4.0,2018,1.2,https://www.rpatyphoon.ru/upload/medialibrary/benzapiren/bp_2018.pdf,1.9,4.4,0.38,0.58,0.28,0.07,0.59,1.4,0.5,0.23,1.6,2.4
Чапаевск,1.0,2018,0.42,https://www.rpatyphoon.ru/upload/medialibrary/benzapiren/bp_2018.pdf,0.87,0.99,0.37,0.21,0.24,0.03,0.31,0.44,0.15,0.24,0.57,0.59
Южно-Сахалинск,1.0,2018,2.2,https://www.rpatyphoon.ru/upload/medialibrary/benzapiren/bp_2018.pdf,6.6,4.0,0.33,2.3,0.71,0.44,0.2,0.28,1.9,0.15,5.3,4.5
Вологда,2.0,2018,0.88,https://www.rpatyphoon.ru/upload/medialibrary/benzapiren/bp_2018.pdf,0.62,1.1,2.1,0.55,0.27,0.39,0.19,0.62,0.28,1.0,1.4,2.0
Воркута,3.0,2018,0.39,https://www.rpatyphoon.ru/upload/medialibrary/benzapiren/bp_2018.pdf,0.61,0.77,0.42,0.26,0.05,0.31,0.23,0.35,0.25,0.28,0.65,0.52
Коряжма,,2018,0.21,https://www.rpatyphoon.ru/upload/medialibrary/benzapiren/bp_2018.pdf,0.19,0.31,0.15,0.28,0.16,0.52,0.01,0.51,0.14,0.02,0.07,
Сыктывкар,9.0,2018,1.4,https://www.rpatyphoon.ru/upload/medialibrary/benzapiren/bp_2018.pdf,1.4,1.4,1.6,0.93,0.92,0.31,0.81,0.58,0.73,0.87,4.2,3.5
Ухта,1.0,2018,0.19,https://www.rpatyphoon.ru/upload/medialibrary/benzapiren/bp_2018.pdf,0.28,0.26,0.15,0.1,0.36,0.21,0.18,0.11,0.13,0.06,0.23,0.16
Череповец,2.0,2018,0.48,https://www.rpatyphoon.ru/upload/medialibrary/benzapiren/bp_2018.pdf,0.43,0.55,0.66,0.2,0.44,0.25,0.14,0.7,0.28,0.13,1.4,0.5
Кириши,4.0,2018,0.48,https://www.rpatyphoon.ru/upload/medialibrary/benzapiren/bp_2018.pdf,0.53,1.2,0.79,0.4,0.76,0.29,0.04,0.23,0.23,0.34,0.45,0.5
Надвоицы,2.0,2018,0.47,https://www.rpatyphoon.ru/upload/medialibrary/benzapiren/bp_2018.pdf,0.52,1.1,0.33,0.15,0.63,0.23,0.35,0.36,0.22,0.45,0.46,0.88
Петрозаводск,3.0,2018,0.77,https://www.rpatyphoon.ru/upload/medialibrary/benzapiren/bp_2018.pdf,1.9,1.2,0.13,0.5,0.64,0.24,0.53,0.3,0.24,0.84,0.93,1.8
Псков,3.0,2018,0.47,https://www.rpatyphoon.ru/upload/medialibrary/benzapiren/bp_2018.pdf,0.45,0.86,0.41,0.63,0.48,0.45,0.3,0.21,0.22,0.36,0.87,0.34
Санкт-Петербург,1.0,2018,0.2,https://www.rpatyphoon.ru/upload/medialibrary/benzapiren/bp_2018.pdf,0.34,0.41,0.25,0.13,0.31,0.12,0.28,0.25,0.11,0.09,0.07,0.06
Азов,2.0,2018,0.67,https://www.rpatyphoon.ru/upload/medialibrary/benzapiren/bp_2018.pdf,0.1,0.28,0.54,0.52,0.41,0.3,0.16,0.33,0.56,3.4,0.6,0.79
Астрахань,1.0,2018,0.67,https://www.rpatyphoon.ru/upload/medialibrary/benzapiren/bp_2018.pdf,0.5,0.96,0.8,0.91,0.78,0.52,0.18,0.45,0.28,0.76,1.5,0.36
Владикавказ,1.0,2018,0.24,https://www.rpatyphoon.ru/upload/medialibrary/benzapiren/bp_2018.pdf,0.06,0.4,0.24,0.27,0.2,0.29,0.23,0.65,0.06,0.08,0.03,0.36
Волгоград,3.0,2018,0.28,https://www.rpatyphoon.ru/upload/medialibrary/benzapiren/bp_2018.pdf,0.12,0.2,0.26,0.25,0.72,0.36,0.19,0.7,0.03,0.11,0.11,0.31
Волгодонск,4.0,2018,0.16,https://www.rpatyphoon.ru/upload/medialibrary/benzapiren/bp_2018.pdf,0.07,0.18,0.14,0.14,0.16,0.28,0.14,0.26,0.11,0.07,0.21,0.09
Волжский,5.0,2018,0.21,https://www.rpatyphoon.ru/upload/medialibrary/benzapiren/bp_2018.pdf,0.05,0.18,0.18,0.21,0.63,0.21,0.2,0.31,0.05,0.28,0.16,0.06
Кисловодск,,2018,0.12,https://www.rpatyphoon.ru/upload/medialibrary/benzapiren/bp_2018.pdf,0.05,0.1,0.24,0.06,0.25,0.14,0.16,0.22,0.02,0.06,0.02,0.12
Краснодар,9.0,2018,0.32,https://www.rpatyphoon.ru/upload/medialibrary/benzapiren/bp_2018.pdf,0.36,0.28,0.53,0.09,0.52,0.2,0.14,0.28,0.14,0.2,0.47,0.6
Махачкала,3.0,2018,0.19,https://www.rpatyphoon.ru/upload/medialibrary/benzapiren/bp_2018.pdf,0.14,0.26,0.06,0.25,0.33,0.19,0.12,0.5,0.04,0.07,0.19,0.15
Мин. Воды,1.0,2018,0.18,https://www.rpatyphoon.ru/upload/medialibrary/benzapiren/bp_2018.pdf,0.09,0.14,0.22,0.06,0.19,0.29,0.31,0.48,0.06,0.07,0.17,0.13
Невинномысск,3.0,2018,0.18,https://www.rpatyphoon.ru/upload/medialibrary/benzapiren/bp_2018.pdf,0.04,0.26,0.12,0.19,0.14,0.13,0.1,0.37,0.04,0.11,0.19,0.52
Новороссийск,2.0,2018,0.52,https://www.rpatyphoon.ru/upload/medialibrary/benzapiren/bp_2018.pdf,0.26,0.79,0.42,0.33,0.64,0.4,0.27,0.57,0.25,0.59,0.49,1.2
Новочеркасск,13.0,2018,,https://www.rpatyphoon.ru/upload/medialibrary/benzapiren/bp_2018.pdf,,,,,,,,,,,,
Пятигорск,1.0,2018,0.16,https://www.rpatyphoon.ru/upload/medialibrary/benzapiren/bp_2018.pdf,0.01,0.09,0.86,0.13,0.18,0.07,0.15,0.28,0.02,0.04,0.02,0.1
Ростов-на-Дону,52.0,2018,0.92,https://www.rpatyphoon.ru/upload/medialibrary/benzapiren/bp_2018.pdf,2.9,1.5,0.55,0.46,0.53,0.98,0.41,0.64,0.36,0.59,1.0,1.1
Сочи,4.0,2018,0.43,https://www.rpatyphoon.ru/upload/medialibrary/benzapiren/bp_2018.pdf,0.27,0.69,0.26,0.51,0.45,0.4,0.22,0.44,0.15,0.55,0.77,0.42
Ставрополь,7.0,2018,0.07,https://www.rpatyphoon.ru/upload/medialibrary/benzapiren/bp_2018.pdf,0.17,0.07,0.024,0.02,0.004,0.007,0.01,0.02,0.03,0.08,0.19,0.19
Таганрог,2.0,2018,0.16,https://www.rpatyphoon.ru/upload/medialibrary/benzapiren/bp_2018.pdf,0.13,0.09,0.07,0.13,0.18,0.49,0.24,0.33,0.03,0.15,0.05,0.07
Шахты,1.0,2018,0.23,https://www.rpatyphoon.ru/upload/medialibrary/benzapiren/bp_2018.pdf,0.09,0.19,0.16,0.26,0.2,0.25,0.15,0.31,0.11,0.47,0.2,0.35
Абакан,2.0,2018,5.6,https://www.rpatyphoon.ru/upload/medialibrary/benzapiren/bp_2018.pdf,6.4,8.4,4.5,1.5,0.94,1.4,0.77,0.67,0.53,1.3,12.1,29.2
Ачинск,3.0,2018,3.9,https://www.rpatyphoon.ru/upload/medialibrary/benzapiren/bp_2018.pdf,6.4,9.5,4.0,2.7,0.68,,1.0,0.91,0.62,0.61,7.1,8.9
Канск,1.0,2018,2.6,https://www.rpatyphoon.ru/upload/medialibrary/benzapiren/bp_2018.pdf,2.7,9.3,5.4,2.8,0.84,1.0,0.98,0.96,0.87,1.1,1.6,3.5
Красноярск,1.0,2018,6.5,https://www.rpatyphoon.ru/upload/medialibrary/benzapiren/bp_2018.pdf,8.9,17.5,7.3,6.2,1.4,1.2,2.0,2.5,3.0,6.6,4.4,17.1
Кызыл,2.0,2018,24.9,https://www.rpatyphoon.ru/upload/medialibrary/benzapiren/bp_2018.pdf,116.1,36.7,21.0,10.3,1.7,2.1,1.7,3.0,6.6,13.8,26.7,59.6
Лесосибирск,2.0,2018,10.1,https://www.rpatyphoon.ru/upload/medialibrary/benzapiren/bp_2018.pdf,59.5,32.0,5.6,2.7,0.8,1.1,1.4,1.4,1.8,1.8,2.8,10.6
Минусинск,2.0,2018,17.8,https://www.rpatyphoon.ru/upload/medialibrary/benzapiren/bp_2018.pdf,89.9,35.2,19.0,5.6,0.81,1.1,1.0,1.3,2.5,5.4,12.8,39.0
Назарово,1.0,2018,5.1,https://www.rpatyphoon.ru/upload/medialibrary/benzapiren/bp_2018.pdf,9.0,17.3,4.4,4.0,1.1,,0.89,0.6,0.8,1.8,4.4,11.9
Норильск,3.0,2018,0.25,https://www.rpatyphoon.ru/upload/medialibrary/benzapiren/bp_2018.pdf,0.47,0.04,0.2,0.29,0.33,0.22,0.24,0.26,0.09,0.33,0.3,0.28
Саяногорск,2.0,2018,2.2,https://www.rpatyphoon.ru/upload/medialibrary/benzapiren/bp_2018.pdf,5.5,5.3,1.7,1.4,0.45,0.53,0.79,0.61,0.46,0.86,1.5,7.1
Черногорск,2.0,2018,10.9,https://www.rpatyphoon.ru/upload/medialibrary/benzapiren/bp_2018.pdf,36.7,21.2,5.3,4.9,1.5,1.4,0.72,1.1,1.9,7.9,12.5,35.7
Казань,4.0,2018,0.61,https://www.rpatyphoon.ru/upload/medialibrary/benzapiren/bp_2018.pdf,2.0,0.8,0.44,0.36,0.52,0.51,0.55,0.57,0.41,0.29,0.22,
Набережные Челны,1.0,2018,0.24,https://www.rpatyphoon.ru/upload/medialibrary/benzapiren/bp_2018.pdf,0.17,0.34,0.15,0.46,0.32,0.14,0.44,0.48,0.14,0.07,0.09,0.1
Нижнекамск,1.0,2018,0.79,https://www.rpatyphoon.ru/upload/medialibrary/benzapiren/bp_2018.pdf,2.0,0.63,0.81,0.55,0.22,0.3,0.33,0.52,0.28,0.26,1.5,2.1
Брянск,2.0,2018,0.38,https://www.rpatyphoon.ru/upload/medialibrary/benzapiren/bp_2018.pdf,0.35,0.72,0.17,0.31,0.14,0.13,0.7,0.5,0.2,0.61,0.73,0.05
Воронеж,1.0,2018,0.3,https://www.rpatyphoon.ru/upload/medialibrary/benzapiren/bp_2018.pdf,0.16,0.54,0.09,0.19,0.23,0.11,0.55,0.48,0.31,0.23,0.5,0.19
Губкин,1.0,2018,0.41,https://www.rpatyphoon.ru/upload/medialibrary/benzapiren/bp_2018.pdf,0.56,0.62,0.2,0.39,0.21,0.16,0.34,0.49,0.39,0.53,0.55,0.47
Курск,3.0,2018,0.39,https://www.rpatyphoon.ru/upload/medialibrary/benzapiren/bp_2018.pdf,0.25,0.51,0.09,0.79,0.09,0.27,0.29,0.25,0.36,0.51,0.55,0.72
Липецк,3.0,2018,0.4,https://www.rpatyphoon.ru/upload/medialibrary/benzapiren/bp_2018.pdf,0.51,0.51,0.21,0.43,0.13,0.23,0.32,0.36,0.17,0.53,1.0,0.38
Орел,3.0,2018,0.43,https://www.rpatyphoon.ru/upload/medialibrary/benzapiren/bp_2018.pdf,0.68,0.61,0.38,0.32,0.12,0.36,0.39,0.34,0.4,0.45,0.66,0.46
Старый Оскол,1.0,2018,0.54,https://www.rpatyphoon.ru/upload/medialibrary/benzapiren/bp_2018.pdf,0.76,0.78,0.32,0.46,0.17,0.31,0.45,0.54,0.48,0.64,1.1,0.48
Тамбов,1.0,2018,0.47,https://www.rpatyphoon.ru/upload/medialibrary/benzapiren/bp_2018.pdf,1.3,0.49,0.2,0.42,0.19,1.0,0.3,0.5,0.29,0.21,0.21,0.5
Нерюнгри,3.0,2018,0.74,https://www.rpatyphoon.ru/upload/medialibrary/benzapiren/bp_2018.pdf,0.72,2.0,1.1,0.77,0.19,0.09,0.4,0.69,0.58,0.34,1.4,0.65
Якутск,1.0,2018,1.2,https://www.rpatyphoon.ru/upload/medialibrary/benzapiren/bp_2018.pdf,2.8,4.1,1.7,0.34,0.22,0.07,0.48,0.66,0.76,0.8,1.8,1.1
Благовещенск,2.0,2019,0.13,https://www.rpatyphoon.ru/upload/medialibrary/benzapiren/bp_2019.pdf,0.23,0.16,0.03,0.08,0.38,0.18,0.02,,0.13,0.02,0.04,0.13
Туймазы,1.0,2019,0.18,https://www.rpatyphoon.ru/upload/medialibrary/benzapiren/bp_2019.pdf,0.19,0.05,0.05,0.18,0.56,0.2,0.13,0.27,0.14,,0.1,0.16
Салават,1.0,2019,0.19,https://www.rpatyphoon.ru/upload/medialibrary/benzapiren/bp_2019.pdf,0.23,0.04,0.04,0.2,0.48,0.22,,0.1,0.21,0.13,0.19,0.26
Стерлитамак,2.0,2019,0.31,https://www.rpatyphoon.ru/upload/medialibrary/benzapiren/bp_2019.pdf,0.48,0.39,0.11,0.19,,0.26,0.12,0.24,0.36,0.28,0.44,0.56
Уфа,1.0,2019,1.1,https://www.rpatyphoon.ru/upload/medialibrary/benzapiren/bp_2019.pdf,2.0,1.7,0.47,0.33,1.2,,0.4,0.62,0.04,1.0,1.9,2.5
Арзамаc,1.0,2019,0.23,https://www.rpatyphoon.ru/upload/medialibrary/benzapiren/bp_2019.pdf,0.1,0.06,0.09,0.1,0.13,0.2,0.11,0.24,0.72,0.11,0.49,0.42
Дзержинск,1.0,2019,0.21,https://www.rpatyphoon.ru/upload/medialibrary/benzapiren/bp_2019.pdf,0.08,0.12,0.34,0.12,0.19,0.31,0.1,0.15,0.36,0.1,0.32,0.35
Ижевск,6.0,2019,0.24,https://www.rpatyphoon.ru/upload/medialibrary/benzapiren/bp_2019.pdf,0.82,0.12,0.07,0.07,0.32,0.36,0.02,0.16,0.64,0.01,0.16,0.11
Киров,1.0,2019,0.62,https://www.rpatyphoon.ru/upload/medialibrary/benzapiren/bp_2019.pdf,1.4,0.78,0.23,0.32,0.22,0.61,0.08,0.26,0.9,0.78,0.92,0.93
Кстово,1.0,2019,1.0,https://www.rpatyphoon.ru/upload/medialibrary/benzapiren/bp_2019.pdf,1.8,0.54,0.24,0.24,0.4,2.1,0.04,1.0,2.3,0.7,1.3,1.6
Кирово-Чепецк,1.0,2019,0.22,https://www.rpatyphoon.ru/upload/medialibrary/benzapiren/bp_2019.pdf,0.29,0.29,0.07,0.08,0.08,0.29,0.11,0.04,0.33,0.12,0.46,0.51
Новочебоксарск,1.0,2019,0.16,https://www.rpatyphoon.ru/upload/medialibrary/benzapiren/bp_2019.pdf,0.1,0.12,0.11,0.02,0.06,0.15,0.1,0.11,0.39,0.08,0.34,0.36
Саранск,3.0,2019,0.77,https://www.rpatyphoon.ru/upload/medialibrary/benzapiren/bp_2019.pdf,0.74,0.38,0.29,0.16,0.17,0.57,0.13,0.33,0.94,1.5,2.2,1.9
Чебоксары,3.0,2019,0.16,https://www.rpatyphoon.ru/upload/medialibrary/benzapiren/bp_2019.pdf,0.27,0.21,0.03,0.05,0.11,0.3,0.09,0.1,0.27,0.02,0.24,0.21
Барнаул,1.0,2019,1.7,https://www.rpatyphoon.ru/upload/medialibrary/benzapiren/bp_2019.pdf,1.9,7.0,1.7,1.4,1.3,0.92,0.31,0.28,0.95,1.4,1.7,2.1
Бердск,7.0,2019,0.57,https://www.rpatyphoon.ru/upload/medialibrary/benzapiren/bp_2019.pdf,0.51,2.3,0.05,0.28,0.5,0.8,0.33,0.23,0.51,,0.32,0.45
Бийск,11.0,2019,3.6,https://www.rpatyphoon.ru/upload/medialibrary/benzapiren/bp_2019.pdf,5.6,11.4,1.7,4.3,0.75,0.69,0.21,0.36,0.77,11.8,1.6,
Искитим,1.0,2019,2.4,https://www.rpatyphoon.ru/upload/medialibrary/benzapiren/bp_2019.pdf,5.9,6.6,3.3,1.5,1.1,0.41,0.59,0.48,0.92,1.8,2.6,3.8
Кемерово,1.0,2019,1.8,https://www.rpatyphoon.ru/upload/medialibrary/benzapiren/bp_2019.pdf,2.1,3.5,1.2,0.6,0.51,0.8,0.72,0.94,1.9,0.89,3.8,4.4
Новокузнецк,2.0,2019,2.6,https://www.rpatyphoon.ru/upload/medialibrary/benzapiren/bp_2019.pdf,3.3,13.5,2.1,1.3,1.6,2.1,0.74,0.5,1.1,1.6,1.3,2.6
Новосибирск,1.0,2019,0.54,https://www.rpatyphoon.ru/upload/medialibrary/benzapiren/bp_2019.pdf,1.0,1.8,0.06,0.11,0.4,0.65,0.13,0.19,0.43,0.41,0.41,0.92
Прокопьевск,5.0,2019,1.2,https://www.rpatyphoon.ru/upload/medialibrary/benzapiren/bp_2019.pdf,2.1,5.1,1.9,1.0,1.1,0.81,0.24,0.05,0.87,0.33,0.08,1.2
Томск,2.0,2019,0.52,https://www.rpatyphoon.ru/upload/medialibrary/benzapiren/bp_2019.pdf,0.79,2.2,0.15,0.45,0.49,0.77,0.29,0.07,0.5,0.17,0.1,0.25
Ангарск,25.0,2019,3.3,https://www.rpatyphoon.ru/upload/medialibrary/benzapiren/bp_2019.pdf,5.0,7.0,1.7,1.4,0.68,,0.96,1.2,2.2,2.0,6.1,7.9
Байкальск,48.0,2019,1.7,https://www.rpatyphoon.ru/upload/medialibrary/benzapiren/bp_2019.pdf,2.6,5.4,2.3,0.57,0.26,0.47,0.25,0.41,0.64,0.91,2.6,3.8
Братск,2.0,2019,2.8,https://www.rpatyphoon.ru/upload/medialibrary/benzapiren/bp_2019.pdf,4.1,4.7,1.1,0.28,0.6,0.29,0.35,0.97,1.6,3.7,5.8,9.7
Бирюсинск,2.0,2019,1.5,https://www.rpatyphoon.ru/upload/medialibrary/benzapiren/bp_2019.pdf,1.8,1.0,0.93,0.69,0.28,0.48,0.24,1.5,2.4,2.5,2.9,2.8
Зима,1.0,2019,2.8,https://www.rpatyphoon.ru/upload/medialibrary/benzapiren/bp_2019.pdf,6.9,6.5,1.8,0.55,0.44,0.02,0.12,0.05,0.91,2.3,6.8,7.4
Иркутск,2.0,2019,3.4,https://www.rpatyphoon.ru/upload/medialibrary/benzapiren/bp_2019.pdf,9.1,10.9,3.1,1.1,1.0,0.6,0.96,0.43,,,,
Култук,5.0,2019,0.53,https://www.rpatyphoon.ru/upload/medialibrary/benzapiren/bp_2019.pdf,0.83,1.2,1.0,0.22,0.23,0.15,0.33,0.17,0.63,,,
п.Листвянка,1.0,2019,2.4,https://www.rpatyphoon.ru/upload/medialibrary/benzapiren/bp_2019.pdf,11.5,4.0,1.7,0.75,0.55,0.29,0.11,0.05,0.9,2.0,3.5,3.8
Саянск,3.0,2019,14.9,https://www.rpatyphoon.ru/upload/medialibrary/benzapiren/bp_2019.pdf,8.5,34.1,18.5,2.9,2.5,0.67,1.3,2.5,6.3,62.7,16.4,21.9
Свирск,1.0,2019,0.95,https://www.rpatyphoon.ru/upload/medialibrary/benzapiren/bp_2019.pdf,0.17,2.4,0.47,0.2,0.22,0.23,0.19,0.38,0.48,1.4,2.2,3.1
Слюдянка,1.0,2019,2.4,https://www.rpatyphoon.ru/upload/medialibrary/benzapiren/bp_2019.pdf,6.5,7.8,2.1,0.27,0.11,0.18,0.23,0.25,1.1,1.2,4.1,4.6
Тулун,1.0,2019,5.5,https://www.rpatyphoon.ru/upload/medialibrary/benzapiren/bp_2019.pdf,12.4,11.7,3.4,1.8,0.62,1.5,0.72,0.69,1.5,3.6,12.8,15.4
Усолье-Сибирское,4.0,2019,7.5,https://www.rpatyphoon.ru/upload/medialibrary/benzapiren/bp_2019.pdf,19.5,19.7,7.1,1.6,,1.1,0.75,0.66,2.3,5.7,11.7,12.3
Усть-Илимск,2.0,2019,0.24,https://www.rpatyphoon.ru/upload/medialibrary/benzapiren/bp_2019.pdf,0.05,0.49,0.14,0.08,,,0.15,0.16,,0.14,0.36,0.58
Черемхово,6.0,2019,7.4,https://www.rpatyphoon.ru/upload/medialibrary/benzapiren/bp_2019.pdf,21.5,21.3,6.4,2.0,1.1,0.6,0.65,0.72,3.0,8.4,10.8,11.7
Шелехов,1.0,2019,3.3,https://www.rpatyphoon.ru/upload/medialibrary/benzapiren/bp_2019.pdf,8.2,9.3,2.7,2.0,1.2,2.2,1.3,0.54,2.3,,,
Калининград,1.0,2019,0.75,https://www.rpatyphoon.ru/upload/medialibrary/benzapiren/bp_2019.pdf,2.4,1.3,0.61,0.33,0.48,0.29,0.11,0.31,0.32,0.46,1.3,1.2
Петропавловск,3.0,2019,0.78,https://www.rpatyphoon.ru/upload/medialibrary/benzapiren/bp_2019.pdf,1.6,1.2,0.47,0.93,1.2,0.44,0.17,0.24,0.15,0.41,1.2,1.4
Камчатский,12.0,2019,0.56,https://www.rpatyphoon.ru/upload/medialibrary/benzapiren/bp_2019.pdf,1.4,0.7,0.11,0.42,0.74,0.11,0.09,0.13,0.68,0.34,0.89,1.1
Магадан,2.0,2019,0.56,https://www.rpatyphoon.ru/upload/medialibrary/benzapiren/bp_2019.pdf,1.3,1.4,0.61,0.41,0.66,0.09,0.11,0.08,0.39,0.23,0.91,
Армянск,1.0,2019,0.03,https://www.rpatyphoon.ru/upload/medialibrary/benzapiren/bp_2019.pdf,0.01,0.02,0.01,0.004,0.01,0.01,0.01,0.05,0.06,0.04,0.05,0.12
Керчь,2.0,2019,0.08,https://www.rpatyphoon.ru/upload/medialibrary/benzapiren/bp_2019.pdf,0.09,0.13,0.08,0.07,0.05,0.02,0.02,0.04,0.25,0.09,0.08,0.08
Красноперекопск,1.0,2019,0.07,https://www.rpatyphoon.ru/upload/medialibrary/benzapiren/bp_2019.pdf,0.02,0.01,0.01,0.01,0.02,0.01,0.02,0.05,0.04,0.1,0.22,0.3
Севастополь,1.0,2019,0.16,https://www.rpatyphoon.ru/upload/medialibrary/benzapiren/bp_2019.pdf,0.64,0.36,0.08,0.14,0.03,0.06,0.03,0.04,0.03,0.04,0.14,0.36
Симферополь,1.0,2019,0.3,https://www.rpatyphoon.ru/upload/medialibrary/benzapiren/bp_2019.pdf,0.8,0.62,0.48,0.16,0.09,0.08,0.12,0.06,0.08,0.07,0.2,0.83
Ялта,,2019,0.15,https://www.rpatyphoon.ru/upload/medialibrary/benzapiren/bp_2019.pdf,0.37,0.11,0.09,0.1,0.06,,,0.14,0.08,0.08,0.07,0.43
Владимир,1.0,2019,0.14,https://www.rpatyphoon.ru/upload/medialibrary/benzapiren/bp_2019.pdf,0.48,0.09,0.05,0.17,0.1,0.08,0.05,0.12,0.07,0.1,0.13,0.18
Волгореченск,1.0,2019,0.2,https://www.rpatyphoon.ru/upload/medialibrary/benzapiren/bp_2019.pdf,0.29,0.1,0.06,0.1,0.05,0.04,0.09,0.38,0.35,0.13,0.25,0.59
Воскресенск,1.0,2019,0.29,https://www.rpatyphoon.ru/upload/medialibrary/benzapiren/bp_2019.pdf,0.32,0.04,0.01,0.54,0.15,0.11,0.02,0.41,0.28,0.12,0.37,1.1
Иваново,1.0,2019,0.26,https://www.rpatyphoon.ru/upload/medialibrary/benzapiren/bp_2019.pdf,0.61,0.41,0.33,0.21,0.07,0.03,0.08,0.25,0.19,0.05,0.31,0.56
Калуга,2.0,2019,0.48,https://www.rpatyphoon.ru/upload/medialibrary/benzapiren/bp_2019.pdf,0.69,0.41,0.25,1.3,0.12,0.2,0.05,0.33,0.5,0.19,0.5,1.3
Кострома,3.0,2019,0.52,https://www.rpatyphoon.ru/upload/medialibrary/benzapiren/bp_2019.pdf,0.76,0.27,0.11,0.62,0.56,0.05,0.14,0.62,0.37,0.03,0.68,2.0
Коломна,5.0,2019,0.44,https://www.rpatyphoon.ru/upload/medialibrary/benzapiren/bp_2019.pdf,0.45,0.36,0.04,0.93,0.18,0.1,0.13,0.68,0.69,0.1,0.44,1.1
Клин,6.0,2019,0.55,https://www.rpatyphoon.ru/upload/medialibrary/benzapiren/bp_2019.pdf,0.4,0.55,0.27,1.5,0.6,0.21,0.46,0.51,0.55,0.09,0.38,1.1
Мытищи,1.0,2019,0.36,https://www.rpatyphoon.ru/upload/medialibrary/benzapiren/bp_2019.pdf,0.31,1.1,0.15,0.58,0.11,0.07,0.12,0.22,0.28,0.08,0.59,0.64
Новомосковск,2.0,2019,0.27,https://www.rpatyphoon.ru/upload/medialibrary/benzapiren/bp_2019.pdf,0.39,0.38,0.28,0.5,0.11,0.11,0.04,0.27,0.42,0.19,0.27,0.32
Подольск,1.0,2019,0.36,https://www.rpatyphoon.ru/upload/medialibrary/benzapiren/bp_2019.pdf,0.78,0.36,0.2,0.99,0.23,0.01,0.07,0.33,0.2,0.03,0.55,0.62
Рязань,1.0,2019,0.43,https://www.rpatyphoon.ru/upload/medialibrary/benzapiren/bp_2019.pdf,0.46,0.24,0.02,0.47,0.02,0.11,0.08,0.45,0.85,0.2,1.0,1.2
Серпухов,3.0,2019,0.24,https://www.rpatyphoon.ru/upload/medialibrary/benzapiren/bp_2019.pdf,0.63,0.16,0.02,0.33,0.03,0.05,0.05,0.3,0.14,0.25,0.43,0.5
Смоленск,5.0,2019,0.47,https://www.rpatyphoon.ru/upload/medialibrary/benzapiren/bp_2019.pdf,0.77,0.61,0.01,1.1,0.01,0.33,0.13,0.27,0.52,0.05,0.84,0.95
Тверь,1.0,2019,1.0,https://www.rpatyphoon.ru/upload/medialibrary/benzapiren/bp_2019.pdf,1.2,0.9,0.52,2.9,1.0,0.65,0.09,0.3,1.0,0.83,1.1,1.5
Тула,1.0,2019,0.15,https://www.rpatyphoon.ru/upload/medialibrary/benzapiren/bp_2019.pdf,0.21,0.19,0.05,0.31,0.17,0.05,0.02,0.09,0.12,0.04,0.2,0.32
Щелково,2.0,2019,0.31,https://www.rpatyphoon.ru/upload/medialibrary/benzapiren/bp_2019.pdf,0.97,0.27,0.06,0.74,0.05,0.11,0.12,0.25,0.3,0.06,0.4,0.42
Электросталь,3.0,2019,0.23,https://www.rpatyphoon.ru/upload/medialibrary/benzapiren/bp_2019.pdf,0.58,0.42,0.02,0.29,0.02,0.1,0.12,0.3,0.21,0.1,0.27,0.37
Ясная Поляна,1.0,2019,0.25,https://www.rpatyphoon.ru/upload/medialibrary/benzapiren/bp_2019.pdf,0.35,0.18,0.05,0.44,0.39,0.1,0.06,0.2,0.25,0.06,0.43,0.52
Омск,1.0,2019,1.0,https://www.rpatyphoon.ru/upload/medialibrary/benzapiren/bp_2019.pdf,,,,0.71,0.68,0.19,0.13,0.27,1.1,1.0,1.8,3.6
Салехард,1.0,2019,0.36,https://www.rpatyphoon.ru/upload/medialibrary/benzapiren/bp_2019.pdf,0.66,0.16,0.16,0.03,0.47,0.22,0.14,0.09,0.35,0.59,0.51,0.89
Тюмень,3.0,2019,0.75,https://www.rpatyphoon.ru/upload/medialibrary/benzapiren/bp_2019.pdf,1.1,1.0,0.15,0.27,0.11,0.42,0.26,0.46,2.0,0.32,1.1,1.8
Балаково,5.0,2019,0.27,https://www.rpatyphoon.ru/upload/medialibrary/benzapiren/bp_2019.pdf,0.15,0.14,0.26,0.19,0.21,0.3,0.19,0.25,0.14,0.06,0.46,0.9
Кувандик,2.0,2019,1.3,https://www.rpatyphoon.ru/upload/medialibrary/benzapiren/bp_2019.pdf,2.7,4.4,0.49,0.28,0.38,0.11,0.38,1.2,0.17,1.6,1.2,3.2
Медногорск,3.0,2019,0.66,https://www.rpatyphoon.ru/upload/medialibrary/benzapiren/bp_2019.pdf,1.1,2.4,0.34,0.28,0.04,0.21,0.27,0.23,0.73,0.3,0.56,1.4
Новокуйбышевск,1.0,2019,0.28,https://www.rpatyphoon.ru/upload/medialibrary/benzapiren/bp_2019.pdf,0.37,0.48,0.25,0.25,0.23,0.08,0.07,0.27,0.28,0.03,0.22,0.78
Новотроицк,1.0,2019,0.79,https://www.rpatyphoon.ru/upload/medialibrary/benzapiren/bp_2019.pdf,0.3,1.6,0.2,0.56,0.9,0.11,0.53,0.3,0.16,0.11,3.5,1.2
Оренбург,2.0,2019,0.88,https://www.rpatyphoon.ru/upload/medialibrary/benzapiren/bp_2019.pdf,2.2,2.6,0.58,0.98,0.53,0.88,0.55,0.59,0.23,0.14,0.26,1.0
Орск,4.0,2019,0.67,https://www.rpatyphoon.ru/upload/medialibrary/benzapiren/bp_2019.pdf,2.2,3.3,0.18,0.55,0.01,0.14,0.19,0.25,0.13,0.12,0.28,0.59
Пенза,3.0,2019,0.21,https://www.rpatyphoon.ru/upload/medialibrary/benzapiren/bp_2019.pdf,0.24,0.16,0.8,0.11,0.06,0.08,0.07,0.11,0.05,0.05,0.36,0.46
Самара,7.0,2019,0.19,https://www.rpatyphoon.ru/upload/medialibrary/benzapiren/bp_2019.pdf,0.08,0.7,0.06,0.15,0.28,0.05,0.1,0.11,0.02,0.03,0.11,0.61
Саратов,1.0,2019,0.23,https://www.rpatyphoon.ru/upload/medialibrary/benzapiren/bp_2019.pdf,0.1,0.13,0.04,0.13,0.08,0.12,0.17,0.12,0.07,0.12,1.0,0.69
Саратов,5.0,2019,0.23,https://www.rpatyphoon.ru/upload/medialibrary/benzapiren/bp_2019.pdf,0.7,0.21,0.03,0.09,0.09,0.09,0.22,0.07,0.09,0.09,0.41,0.68
Сызрань,2.0,2019,0.48,https://www.rpatyphoon.ru/upload/medialibrary/benzapiren/bp_2019.pdf,2.4,0.16,0.11,0.16,0.26,0.06,0.25,0.4,0.43,0.12,0.41,1.0
Сызрань,3.0,2019,0.51,https://www.rpatyphoon.ru/upload/medialibrary/benzapiren/bp_2019.pdf,0.3,0.4,0.27,0.27,0.83,0.33,0.28,0.36,1.4,0.3,0.51,0.81
Тольятти,2.0,2019,0.8,https://www.rpatyphoon.ru/upload/medialibrary/benzapiren/bp_2019.pdf,1.8,0.68,0.67,0.57,0.43,0.32,0.56,0.72,0.59,1.6,0.98,0.73
Ульяновск,4.0,2019,1.2,https://www.rpatyphoon.ru/upload/medialibrary/benzapiren/bp_2019.pdf,2.2,1.2,1.5,0.13,0.5,0.16,0.4,0.22,1.2,1.0,3.2,2.8
Чапаевск,1.0,2019,0.32,https://www.rpatyphoon.ru/upload/medialibrary/benzapiren/bp_2019.pdf,0.43,0.5,0.21,0.09,0.15,0.14,0.18,0.29,0.13,0.14,0.65,0.88
Южно-Сахалинск,1.0,2019,1.8,https://www.rpatyphoon.ru/upload/medialibrary/benzapiren/bp_2019.pdf,3.8,6.5,2.3,1.5,0.64,0.14,0.08,0.13,0.35,1.1,2.3,3.2
Вологда,2.0,2019,0.53,https://www.rpatyphoon.ru/upload/medialibrary/benzapiren/bp_2019.pdf,0.95,0.59,0.31,0.54,0.36,0.26,0.19,0.34,0.14,0.73,0.76,1.2
Воркута,3.0,2019,0.35,https://www.rpatyphoon.ru/upload/medialibrary/benzapiren/bp_2019.pdf,0.59,0.57,0.24,0.12,0.14,0.11,0.34,0.1,0.7,0.42,0.31,0.56
Коряжма,,2019,0.17,https://www.rpatyphoon.ru/upload/medialibrary/benzapiren/bp_2019.pdf,0.05,0.06,0.05,0.1,0.34,0.34,0.16,0.09,0.47,0.14,0.08,0.15
Сыктывкар,9.0,2019,1.3,https://www.rpatyphoon.ru/upload/medialibrary/benzapiren/bp_2019.pdf,2.0,1.6,1.5,1.1,2.2,0.92,0.41,0.39,1.3,1.7,1.1,1.5
Ухта,1.0,2019,0.12,https://www.rpatyphoon.ru/upload/medialibrary/benzapiren/bp_2019.pdf,0.02,0.03,0.11,0.05,0.04,0.2,0.1,0.02,0.2,0.14,0.21,0.36
Череповец,2.0,2019,0.8,https://www.rpatyphoon.ru/upload/medialibrary/benzapiren/bp_2019.pdf,0.39,0.12,0.66,0.21,1.8,0.47,0.29,0.18,2.5,1.2,0.41,1.5
Кириши,4.0,2019,0.27,https://www.rpatyphoon.ru/upload/medialibrary/benzapiren/bp_2019.pdf,0.39,0.15,0.17,0.51,0.21,0.15,0.25,0.31,0.24,0.24,0.13,0.54
Надвоицы,2.0,2019,0.5,https://www.rpatyphoon.ru/upload/medialibrary/benzapiren/bp_2019.pdf,0.82,0.98,0.33,0.82,0.14,0.14,0.24,0.14,0.41,0.38,0.79,0.81
Петрозаводск,3.0,2019,0.49,https://www.rpatyphoon.ru/upload/medialibrary/benzapiren/bp_2019.pdf,2.2,0.16,0.36,0.71,0.13,0.08,0.19,0.06,0.48,0.53,0.5,0.57
Псков,3.0,2019,0.38,https://www.rpatyphoon.ru/upload/medialibrary/benzapiren/bp_2019.pdf,0.67,1.6,0.12,0.8,0.13,0.1,0.04,0.04,0.32,0.33,0.14,0.23
Санкт-Петербург,1.0,2019,0.1,https://www.rpatyphoon.ru/upload/medialibrary/benzapiren/bp_2019.pdf,0.07,0.06,0.05,0.28,0.03,0.07,0.08,0.11,0.09,0.09,0.07,0.17
Азов,2.0,2019,0.39,https://www.rpatyphoon.ru/upload/medialibrary/benzapiren/bp_2019.pdf,0.72,0.24,0.65,0.05,1.1,0.18,0.33,0.2,0.13,0.55,0.26,0.34
Астрахань,1.0,2019,0.5,https://www.rpatyphoon.ru/upload/medialibrary/benzapiren/bp_2019.pdf,0.53,0.92,0.13,0.41,0.2,0.2,0.16,0.19,0.14,0.65,0.99,1.5
Владикавказ,1.0,2019,0.24,https://www.rpatyphoon.ru/upload/medialibrary/benzapiren/bp_2019.pdf,0.1,0.39,0.08,0.09,0.09,0.48,0.13,0.11,0.29,0.12,0.43,0.54
Волгоград,3.0,2019,0.21,https://www.rpatyphoon.ru/upload/medialibrary/benzapiren/bp_2019.pdf,0.15,0.81,0.03,0.08,0.09,0.1,0.11,0.12,0.19,0.02,0.32,0.56
Волгодонск,4.0,2019,0.1,https://www.rpatyphoon.ru/upload/medialibrary/benzapiren/bp_2019.pdf,0.12,0.14,0.11,0.05,0.06,0.07,0.09,0.12,0.09,0.01,,0.24
Волжский,5.0,2019,0.16,https://www.rpatyphoon.ru/upload/medialibrary/benzapiren/bp_2019.pdf,0.09,0.11,0.08,0.1,0.13,0.07,0.14,0.09,0.17,0.19,0.34,0.45
Кисловодск,,2019,0.07,https://www.rpatyphoon.ru/upload/medialibrary/benzapiren/bp_2019.pdf,0.07,0.09,0.05,0.06,0.06,0.08,0.04,0.13,0.01,0.07,0.06,0.12
Краснодар,9.0,2019,0.21,https://www.rpatyphoon.ru/upload/medialibrary/benzapiren/bp_2019.pdf,0.26,0.74,0.03,0.07,0.16,0.12,0.08,0.03,0.09,0.25,0.26,0.39
Махачкала,3.0,2019,0.3,https://www.rpatyphoon.ru/upload/medialibrary/benzapiren/bp_2019.pdf,0.54,1.3,0.09,0.08,0.06,0.45,0.24,0.57,0.03,0.06,0.09,0.12
Мин. Воды,1.0,2019,0.1,https://www.rpatyphoon.ru/upload/medialibrary/benzapiren/bp_2019.pdf,0.08,0.07,0.01,0.03,0.08,0.07,0.13,0.48,0.04,0.05,0.05,0.11
Невинномысск,3.0,2019,0.1,https://www.rpatyphoon.ru/upload/medialibrary/benzapiren/bp_2019.pdf,0.09,0.19,0.04,0.29,0.06,0.11,0.09,0.07,0.04,0.03,0.08,
Новороссийск,2.0,2019,0.34,https://www.rpatyphoon.ru/upload/medialibrary/benzapiren/bp_2019.pdf,0.71,0.69,0.61,0.25,0.12,0.07,0.14,0.25,0.01,0.3,0.39,0.49
Новочеркасск,13.0,2019,0.08,https://www.rpatyphoon.ru/upload/medialibrary/benzapiren/bp_2019.pdf,0.07,0.05,0.03,0.05,0.05,0.05,0.04,0.24,0.05,0.09,0.12,0.12
Пятигорск,1.0,2019,0.47,https://www.rpatyphoon.ru/upload/medialibrary/benzapiren/bp_2019.pdf,0.69,1.1,0.49,0.61,0.27,0.36,0.25,0.24,0.21,0.48,0.4,0.59
Ростов-на-Дону,52.0,2019,0.51,https://www.rpatyphoon.ru/upload/medialibrary/benzapiren/bp_2019.pdf,0.94,1.6,0.28,0.24,0.2,0.31,0.17,0.49,0.18,0.59,0.48,0.57
Сочи,4.0,2019,0.08,https://www.rpatyphoon.ru/upload/medialibrary/benzapiren/bp_2019.pdf,0.15,0.09,0.04,0.03,0.02,0.01,0.007,0.01,0.04,0.04,0.35,0.19
Ставрополь,7.0,2019,0.1,https://www.rpatyphoon.ru/upload/medialibrary/benzapiren/bp_2019.pdf,0.06,0.17,0.05,0.05,0.13,0.05,0.07,0.23,0.09,0.07,0.08,0.18
Таганрог,2.0,2019,0.2,https://www.rpatyphoon.ru/upload/medialibrary/benzapiren/bp_2019.pdf,0.24,0.31,0.09,0.04,0.1,0.17,0.07,0.08,0.03,0.52,0.34,0.43
Шахты,1.0,2019,0.5,https://www.rpatyphoon.ru/upload/medialibrary/benzapiren/bp_2019.pdf,0.53,0.55,0.13,0.07,0.26,0.28,0.35,0.21,0.27,1.4,0.86,1.1
Абакан,2.0,2019,4.6,https://www.rpatyphoon.ru/upload/medialibrary/benzapiren/bp_2019.pdf,12.8,16.5,4.6,0.78,0.34,0.49,0.18,1.0,1.3,1.8,7.2,8.6
Ачинск,3.0,2019,1.6,https://www.rpatyphoon.ru/upload/medialibrary/benzapiren/bp_2019.pdf,2.2,9.3,0.34,0.04,0.01,0.53,0.17,0.46,0.19,0.14,1.9,3.4
Канск,1.0,2019,2.5,https://www.rpatyphoon.ru/upload/medialibrary/benzapiren/bp_2019.pdf,6.5,6.4,2.2,2.2,0.07,0.82,0.21,0.13,0.65,2.5,3.0,4.8
Красноярск,1.0,2019,3.4,https://www.rpatyphoon.ru/upload/medialibrary/benzapiren/bp_2019.pdf,7.2,11.9,4.0,0.92,0.63,0.62,0.78,1.5,2.5,1.8,3.8,4.5
Кызыл,2.0,2019,18.0,https://www.rpatyphoon.ru/upload/medialibrary/benzapiren/bp_2019.pdf,51.3,9.6,24.8,4.3,1.2,1.1,0.62,0.64,7.0,29.0,38.5,47.3
Лесосибирск,2.0,2019,3.2,https://www.rpatyphoon.ru/upload/medialibrary/benzapiren/bp_2019.pdf,14.2,7.5,5.9,1.0,0.11,0.2,0.2,0.58,1.3,1.0,2.4,3.8
Минусинск,2.0,2019,14.3,https://www.rpatyphoon.ru/upload/medialibrary/benzapiren/bp_2019.pdf,82.5,35.8,21.6,2.2,1.5,0.58,0.25,0.45,1.8,2.6,9.9,12.8
Назарово,1.0,2019,2.4,https://www.rpatyphoon.ru/upload/medialibrary/benzapiren/bp_2019.pdf,8.0,9.5,0.89,0.69,1.2,0.64,0.16,0.53,1.2,0.77,2.0,3.4
Норильск,3.0,2019,0.23,https://www.rpatyphoon.ru/upload/medialibrary/benzapiren/bp_2019.pdf,0.13,0.38,0.06,0.27,0.16,0.36,,0.2,0.43,0.08,0.29,
Саяногорск,2.0,2019,1.0,https://www.rpatyphoon.ru/upload/medialibrary/benzapiren/bp_2019.pdf,4.3,3.4,0.61,0.05,0.14,0.28,0.09,0.28,0.34,0.91,0.71,1.1
Черногорск,2.0,2019,7.7,https://www.rpatyphoon.ru/upload/medialibrary/benzapiren/bp_2019.pdf,40.2,12.2,6.5,1.2,1.0,0.64,0.38,0.38,1.1,4.7,12.0,11.8
Казань,4.0,2019,0.33,https://www.rpatyphoon.ru/upload/medialibrary/benzapiren/bp_2019.pdf,0.1,0.13,0.02,0.55,0.22,0.28,0.13,0.48,0.84,0.41,0.39,0.42
Набережные Челны,1.0,2019,0.17,https://www.rpatyphoon.ru/upload/medialibrary/benzapiren/bp_2019.pdf,0.08,0.11,0.08,0.31,0.35,0.1,0.11,0.09,0.36,0.1,0.18,0.24
Нижнекамск,1.0,2019,0.6,https://www.rpatyphoon.ru/upload/medialibrary/benzapiren/bp_2019.pdf,1.7,1.5,0.07,0.6,0.35,0.49,0.11,1.5,0.28,0.1,0.23,0.33
Брянск,2.0,2019,0.15,https://www.rpatyphoon.ru/upload/medialibrary/benzapiren/bp_2019.pdf,0.13,0.04,0.14,0.16,0.21,0.08,0.13,0.09,0.17,0.09,0.24,0.28
Воронеж,1.0,2019,0.17,https://www.rpatyphoon.ru/upload/medialibrary/benzapiren/bp_2019.pdf,0.17,0.09,0.05,0.06,0.59,0.03,0.11,0.29,0.23,0.09,0.14,0.21
Губкин,1.0,2019,0.29,https://www.rpatyphoon.ru/upload/medialibrary/benzapiren/bp_2019.pdf,0.42,0.22,0.2,0.1,0.31,0.06,0.1,0.19,0.29,0.29,0.6,0.65
Курск,3.0,2019,0.25,https://www.rpatyphoon.ru/upload/medialibrary/benzapiren/bp_2019.pdf,0.19,0.36,0.08,0.14,0.32,0.11,0.11,0.06,0.79,0.25,0.26,0.39
Липецк,3.0,2019,0.62,https://www.rpatyphoon.ru/upload/medialibrary/benzapiren/bp_2019.pdf,0.55,0.26,0.54,0.2,0.48,0.3,0.18,0.62,0.78,1.8,0.53,1.3
Орел,3.0,2019,0.25,https://www.rpatyphoon.ru/upload/medialibrary/benzapiren/bp_2019.pdf,0.53,0.23,0.17,0.31,0.24,0.05,0.12,0.08,0.13,0.32,0.26,0.56
Старый Оскол,1.0,2019,0.27,https://www.rpatyphoon.ru/upload/medialibrary/benzapiren/bp_2019.pdf,0.37,0.26,0.17,0.07,0.29,0.04,0.15,0.7,0.35,0.19,0.25,0.42
Тамбов,1.0,2019,0.28,https://www.rpatyphoon.ru/upload/medialibrary/benzapiren/bp_2019.pdf,0.36,0.17,0.22,0.08,0.41,0.07,0.25,0.19,0.18,0.26,0.54,0.67
Нерюнгри,3.0,2019,0.69,https://www.rpatyphoon.ru/upload/medialibrary/benzapiren/bp_2019.pdf,0.77,0.34,0.27,0.39,1.0,0.25,0.06,0.23,0.21,2.5,0.84,1.5
Якутск,1.0,2019,0.79,https://www.rpatyphoon.ru/upload/medialibrary/benzapiren/bp_2019.pdf,2.6,1.9,1.1,0.46,0.18,0.19,0.19,0.34,0.15,0.37,0.88,1.2
